,approved_at_utc,subreddit,selftext,author_fullname,saved,mod_reason_title,gilded,clicked,title,link_flair_richtext,subreddit_name_prefixed,hidden,pwls,link_flair_css_class,downs,thumbnail_height,top_awarded_type,hide_score,name,quarantine,link_flair_text_color,upvote_ratio,author_flair_background_color,subreddit_type,ups,total_awards_received,media_embed,thumbnail_width,author_flair_template_id,is_original_content,user_reports,secure_media,is_reddit_media_domain,is_meta,category,secure_media_embed,link_flair_text,can_mod_post,score,approved_by,author_premium,thumbnail,edited,author_flair_css_class,author_flair_richtext,gildings,content_categories,is_self,mod_note,created,link_flair_type,wls,removed_by_category,banned_by,author_flair_type,domain,allow_live_comments,selftext_html,likes,suggested_sort,banned_at_utc,view_count,archived,no_follow,is_crosspostable,pinned,over_18,all_awardings,awarders,media_only,link_flair_template_id,can_gild,spoiler,locked,author_flair_text,treatment_tags,visited,removed_by,num_reports,distinguished,subreddit_id,mod_reason_by,removal_reason,link_flair_background_color,id,is_robot_indexable,report_reasons,author,discussion_type,num_comments,send_replies,whitelist_status,contest_mode,mod_reports,author_patreon_flair,author_flair_text_color,permalink,parent_whitelist_status,stickied,url,subreddit_subscribers,created_utc,num_crossposts,media,is_video,url_overridden_by_dest,post_hint,preview,is_gallery,media_metadata,gallery_data
0,,AmazonPrimeVideo,"I got a credit card to validate Prime video free trial (comes with Prime gaming) so i can get Battlefield 3,but i realized it's expired (lol),is there any way to redeem this? Something like a bank account? I've searched on google  but it doesn't say anything about that.",t2_pxreetq,False,,0,False,Activate Prime video without credit card?,[],r/AmazonPrimeVideo,False,6,,0,,,False,t3_k764sr,False,light,1.0,,public,1,0,{},,,False,[],,False,False,,{},Technical Question,False,1,,False,self,False,,[],{},,True,,1607197583.0,text,6,,,text,self.AmazonPrimeVideo,False,"&lt;!-- SC_OFF --&gt;&lt;div class=""md""&gt;&lt;p&gt;I got a credit card to validate Prime video free trial (comes with Prime gaming) so i can get Battlefield 3,but i realized it&amp;#39;s expired (lol),is there any way to redeem this? Something like a bank account? I&amp;#39;ve searched on google  but it doesn&amp;#39;t say anything about that.&lt;/p&gt;
&lt;/div&gt;&lt;!-- SC_ON --&gt;",,,,,False,True,False,False,False,[],[],False,e044467a-a673-11ea-8dee-0e822702b6f1,False,False,False,,[],False,,,,t5_2y9ch,,,#ea0027,k764sr,True,,Deixos,,2,True,all_ads,False,[],False,,/r/AmazonPrimeVideo/comments/k764sr/activate_prime_video_without_credit_card/,all_ads,False,https://www.reddit.com/r/AmazonPrimeVideo/comments/k764sr/activate_prime_video_without_credit_card/,1314,1607168783.0,0,,False,,,,,,
1,,AmazonPrimeVideo,Either via the website (using Edge) or via the Windows Store app. Anyone know?,t2_2imr1sh0,False,,0,False,Does Prime Video support 4K on Windows?,[],r/AmazonPrimeVideo,False,6,,0,,,False,t3_k6zrnj,False,light,1.0,,public,2,0,{},,,False,[],,False,False,,{},Technical Question,False,2,,False,self,False,,[],{},,True,,1607166130.0,text,6,,,text,self.AmazonPrimeVideo,False,"&lt;!-- SC_OFF --&gt;&lt;div class=""md""&gt;&lt;p&gt;Either via the website (using Edge) or via the Windows Store app. Anyone know?&lt;/p&gt;
&lt;/div&gt;&lt;!-- SC_ON --&gt;",,,,,False,False,False,False,False,[],[],False,e044467a-a673-11ea-8dee-0e822702b6f1,False,False,False,,[],False,,,,t5_2y9ch,,,#ea0027,k6zrnj,True,,ty_hot,,0,True,all_ads,False,[],False,,/r/AmazonPrimeVideo/comments/k6zrnj/does_prime_video_support_4k_on_windows/,all_ads,False,https://www.reddit.com/r/AmazonPrimeVideo/comments/k6zrnj/does_prime_video_support_4k_on_windows/,1314,1607137330.0,0,,False,,,,,,
2,,AmazonPrimeVideo,,t2_8i959yyy,False,,0,False,Hitler's Money,[],r/AmazonPrimeVideo,False,6,,0,,,False,t3_k6q6u5,False,dark,1.0,,public,1,0,{},,,False,[],,False,False,,{},,False,1,,False,default,False,,[],{},,False,,1607134250.0,text,6,,,text,watch.amazon.com,False,,,,,,False,True,False,False,False,[],[],False,,False,False,False,,[],False,,,,t5_2y9ch,,,,k6q6u5,True,,EducationalGrass6624,,0,False,all_ads,False,[],False,,/r/AmazonPrimeVideo/comments/k6q6u5/hitlers_money/,all_ads,False,https://watch.amazon.com/detail?gti=amzn1.dv.gti.e0b72134-812c-7e6c-4bb5-c8bf8a71efbf&amp;ref_=atv_dp_share_seas&amp;r=web,1314,1607105450.0,0,,False,https://watch.amazon.com/detail?gti=amzn1.dv.gti.e0b72134-812c-7e6c-4bb5-c8bf8a71efbf&amp;ref_=atv_dp_share_seas&amp;r=web,,,,,
3,,AmazonPrimeVideo,,t2_8i959yyy,False,,0,False,People You May Know. 2020 disinformation specialist discovers Cambridge analytica colluding with,[],r/AmazonPrimeVideo,False,6,,0,,,False,t3_k6dy8z,False,dark,1.0,,public,1,0,{},,,False,[],,False,False,,{},,False,1,,False,default,False,,[],{},,False,,1607085345.0,text,6,,,text,watch.amazon.com,False,,,,,,False,True,False,False,False,[],[],False,,False,False,False,,[],False,,,,t5_2y9ch,,,,k6dy8z,True,,EducationalGrass6624,,0,False,all_ads,False,[],False,,/r/AmazonPrimeVideo/comments/k6dy8z/people_you_may_know_2020_disinformation/,all_ads,False,https://watch.amazon.com/detail?gti=amzn1.dv.gti.64baa387-d4f8-69ab-79b8-88e739887de6&amp;ref_=atv_dp_share_mv&amp;r=web,1314,1607056545.0,0,,False,https://watch.amazon.com/detail?gti=amzn1.dv.gti.64baa387-d4f8-69ab-79b8-88e739887de6&amp;ref_=atv_dp_share_mv&amp;r=web,,,,,
4,,AmazonPrimeVideo,,t2_4yn9se4g,False,,0,False,"If You Haven't Seen Infra-Man, You Haven't Lived (insane movie I found on Prime)",[],r/AmazonPrimeVideo,False,6,,0,105.0,,False,t3_k69e6z,False,dark,1.0,,public,3,0,"{'content': '&lt;iframe width=""600"" height=""338"" src=""https://www.youtube.com/embed/qwIjlN2Uugw?feature=oembed&amp;enablejsapi=1"" frameborder=""0"" allow=""accelerometer; autoplay; clipboard-write; encrypted-media; gyroscope; picture-in-picture"" allowfullscreen&gt;&lt;/iframe&gt;', 'width': 600, 'scrolling': False, 'height': 338}",140.0,,False,[],"{'type': 'youtube.com', 'oembed': {'provider_url': 'https://www.youtube.com/', 'version': '1.0', 'title': ""If You Haven't Seen Infra-Man, You Haven't Lived"", 'type': 'video', 'thumbnail_width': 480, 'height': 338, 'width': 600, 'html': '&lt;iframe width=""600"" height=""338"" src=""https://www.youtube.com/embed/qwIjlN2Uugw?feature=oembed&amp;enablejsapi=1"" frameborder=""0"" allow=""accelerometer; autoplay; clipboard-write; encrypted-media; gyroscope; picture-in-picture"" allowfullscreen&gt;&lt;/iframe&gt;', 'author_name': 'Peeled Eyes', 'provider_name': 'YouTube', 'thumbnail_url': 'https://i.ytimg.com/vi/qwIjlN2Uugw/hqdefault.jpg', 'thumbnail_height': 360, 'author_url': 'https://www.youtube.com/channel/UCaQxqQ9usMNmY-vBzKzzgsQ'}}",False,False,,"{'content': '&lt;iframe width=""600"" height=""338"" src=""https://www.youtube.com/embed/qwIjlN2Uugw?feature=oembed&amp;enablejsapi=1"" frameborder=""0"" allow=""accelerometer; autoplay; clipboard-write; encrypted-media; gyroscope; picture-in-picture"" allowfullscreen&gt;&lt;/iframe&gt;', 'width': 600, 'scrolling': False, 'media_domain_url': 'https://www.redditmedia.com/mediaembed/k69e6z', 'height': 338}",Recommend a show,False,3,,False,https://b.thumbs.redditmedia.com/H6TkBRCNkaLjPvbDJg5kB7nlb78ZigYjuuxQ_46U1Ks.jpg,False,,[],{},,False,,1607068337.0,text,6,,,text,youtu.be,False,,,,,,False,True,False,False,False,[],[],False,0d58331a-a674-11ea-9467-0e8a74df3507,False,False,False,,[],False,,,,t5_2y9ch,,,#46d160,k69e6z,True,,ExposeRLStine,,1,True,all_ads,False,[],False,,/r/AmazonPrimeVideo/comments/k69e6z/if_you_havent_seen_inframan_you_havent_lived/,all_ads,False,https://youtu.be/qwIjlN2Uugw,1314,1607039537.0,0,"{'type': 'youtube.com', 'oembed': {'provider_url': 'https://www.youtube.com/', 'version': '1.0', 'title': ""If You Haven't Seen Infra-Man, You Haven't Lived"", 'type': 'video', 'thumbnail_width': 480, 'height': 338, 'width': 600, 'html': '&lt;iframe width=""600"" height=""338"" src=""https://www.youtube.com/embed/qwIjlN2Uugw?feature=oembed&amp;enablejsapi=1"" frameborder=""0"" allow=""accelerometer; autoplay; clipboard-write; encrypted-media; gyroscope; picture-in-picture"" allowfullscreen&gt;&lt;/iframe&gt;', 'author_name': 'Peeled Eyes', 'provider_name': 'YouTube', 'thumbnail_url': 'https://i.ytimg.com/vi/qwIjlN2Uugw/hqdefault.jpg', 'thumbnail_height': 360, 'author_url': 'https://www.youtube.com/channel/UCaQxqQ9usMNmY-vBzKzzgsQ'}}",False,https://youtu.be/qwIjlN2Uugw,rich:video,"{'images': [{'source': {'url': 'https://external-preview.redd.it/HtunECpE0G7ywG-wHCylSs9Pd1XwjyRJKtSRTx0X3yw.jpg?auto=webp&amp;s=e08d5c283f26c8f4caa5167b4a3b3e38027543a3', 'width': 480, 'height': 360}, 'resolutions': [{'url': 'https://external-preview.redd.it/HtunECpE0G7ywG-wHCylSs9Pd1XwjyRJKtSRTx0X3yw.jpg?width=108&amp;crop=smart&amp;auto=webp&amp;s=42cbc92eece2460a03770f5b0a9f4bd2a54713a6', 'width': 108, 'height': 81}, {'url': 'https://external-preview.redd.it/HtunECpE0G7ywG-wHCylSs9Pd1XwjyRJKtSRTx0X3yw.jpg?width=216&amp;crop=smart&amp;auto=webp&amp;s=010438a23d3ab13c6f0a5bad5c51e74b6cc922d6', 'width': 216, 'height': 162}, {'url': 'https://external-preview.redd.it/HtunECpE0G7ywG-wHCylSs9Pd1XwjyRJKtSRTx0X3yw.jpg?width=320&amp;crop=smart&amp;auto=webp&amp;s=a2f4c4efbcef59e6ee152f1dd465dc6bc5deec06', 'width': 320, 'height': 240}], 'variants': {}, 'id': 'tPixbDLbFp1ojCBqOYpvlfWtW0F9JJbr7rQEmCo7zZ4'}], 'enabled': False}",,,
5,,AmazonPrimeVideo,,t2_v7zo9,False,,0,False,Dan Vs is now free on Prime Video for the first time! Good time to binge watch?,[],r/AmazonPrimeVideo,False,6,,0,138.0,,False,t3_k65xep,False,dark,1.0,,public,3,0,{},140.0,,False,[],,True,False,,{},News,False,3,,False,https://b.thumbs.redditmedia.com/fHawizOnIqYkLdQjTXfGdqJboIhxdV1bIlqV2jd5PHI.jpg,False,,[],{},,False,,1607057469.0,text,6,,,text,i.redd.it,False,,,,,,False,False,False,False,False,[],[],False,f294f9a0-a673-11ea-9e2f-0ed2c65da477,False,False,False,,[],False,,,,t5_2y9ch,,,#ffd635,k65xep,True,,TheBrodsterboy,,0,True,all_ads,False,[],False,,/r/AmazonPrimeVideo/comments/k65xep/dan_vs_is_now_free_on_prime_video_for_the_first/,all_ads,False,https://i.redd.it/nwpyfv5eb1361.png,1314,1607028669.0,0,,False,https://i.redd.it/nwpyfv5eb1361.png,image,"{'images': [{'source': {'url': 'https://preview.redd.it/nwpyfv5eb1361.png?auto=webp&amp;s=433b605fd39b711502db7cc6da3db3ecaeecbfd0', 'width': 489, 'height': 484}, 'resolutions': [{'url': 'https://preview.redd.it/nwpyfv5eb1361.png?width=108&amp;crop=smart&amp;auto=webp&amp;s=ed658a28dc8752e43653e9b518754fe90a8a4767', 'width': 108, 'height': 106}, {'url': 'https://preview.redd.it/nwpyfv5eb1361.png?width=216&amp;crop=smart&amp;auto=webp&amp;s=7c371be420b613567c295350cabc5ec0ecd38521', 'width': 216, 'height': 213}, {'url': 'https://preview.redd.it/nwpyfv5eb1361.png?width=320&amp;crop=smart&amp;auto=webp&amp;s=7425e9ac79232ae351be56e2ca7e76e5ee7e03b1', 'width': 320, 'height': 316}], 'variants': {}, 'id': 'JIXbZV2oW1nHf2pfUtW8rixHrK4CCpfrGWfQA_2cFkg'}], 'enabled': True}",,,
6,,AmazonPrimeVideo,"So I started watchng mean girls on my phone, at the prime video app, however when I got home and went to amazon prime to continue watching, however the movie isn't available with prime on my PC. I'm perfectly capable of watching it on my phone, not online on my pc. Am I doing something wrong here??",t2_d1se3,False,,0,False,Different selection of amazon prime on phone and PC,[],r/AmazonPrimeVideo,False,6,,0,,,False,t3_k5hyik,False,light,1.0,,public,3,0,{},,,False,[],,False,False,,{},Technical Question,False,3,,False,self,False,,[],{},,True,,1606970660.0,text,6,,,text,self.AmazonPrimeVideo,False,"&lt;!-- SC_OFF --&gt;&lt;div class=""md""&gt;&lt;p&gt;So I started watchng mean girls on my phone, at the prime video app, however when I got home and went to amazon prime to continue watching, however the movie isn&amp;#39;t available with prime on my PC. I&amp;#39;m perfectly capable of watching it on my phone, not online on my pc. Am I doing something wrong here??&lt;/p&gt;
&lt;/div&gt;&lt;!-- SC_ON --&gt;",,,,,False,False,False,False,False,[],[],False,e044467a-a673-11ea-8dee-0e822702b6f1,False,False,False,,[],False,,,,t5_2y9ch,,,#ea0027,k5hyik,True,,Blasmere,,0,True,all_ads,False,[],False,,/r/AmazonPrimeVideo/comments/k5hyik/different_selection_of_amazon_prime_on_phone_and/,all_ads,False,https://www.reddit.com/r/AmazonPrimeVideo/comments/k5hyik/different_selection_of_amazon_prime_on_phone_and/,1314,1606941860.0,0,,False,,,,,,
7,,AmazonPrimeVideo,"Imma go ahead and say it...
Anime subtitles on prime is ðŸ¤®",t2_8dbvz0u1,False,,0,False,Anime,[],r/AmazonPrimeVideo,False,6,,0,,,False,t3_k52un6,False,dark,0.83,,public,4,0,{},,,False,[],,False,False,,{},Rant,False,4,,False,self,False,,[],{},,True,,1606914547.0,text,6,,,text,self.AmazonPrimeVideo,False,"&lt;!-- SC_OFF --&gt;&lt;div class=""md""&gt;&lt;p&gt;Imma go ahead and say it...
Anime subtitles on prime is ðŸ¤®&lt;/p&gt;
&lt;/div&gt;&lt;!-- SC_ON --&gt;",,,,,False,False,False,False,False,[],[],False,90023850-a675-11ea-923c-0e6a7be59a9f,False,False,False,,[],False,,,,t5_2y9ch,,,#ff66ac,k52un6,True,,SnooPeanuts3482,,0,True,all_ads,False,[],False,,/r/AmazonPrimeVideo/comments/k52un6/anime/,all_ads,False,https://www.reddit.com/r/AmazonPrimeVideo/comments/k52un6/anime/,1314,1606885747.0,0,,False,,,,,,
8,,AmazonPrimeVideo,,t2_amzdx,False,,0,False,Watched The Lady Vanishes from 1938 a good early Hitchcock flick.,[],r/AmazonPrimeVideo,False,6,,0,140.0,,False,t3_k4z6wn,False,dark,0.8,,public,3,0,{},140.0,,False,[],,True,False,,{},Recommend a show,False,3,,False,https://a.thumbs.redditmedia.com/4d57sjWaXNid6Ah-SMVf4im7uKnwGLjBcKXh3WDlRj8.jpg,False,,[],{},,False,,1606901609.0,text,6,,,text,i.redd.it,False,,,,,,False,False,False,False,False,[],[],False,0d58331a-a674-11ea-9467-0e8a74df3507,False,False,False,,[],False,,,,t5_2y9ch,,,#46d160,k4z6wn,True,,markramsey,,0,True,all_ads,False,[],False,,/r/AmazonPrimeVideo/comments/k4z6wn/watched_the_lady_vanishes_from_1938_a_good_early/,all_ads,False,https://i.redd.it/lh7h0q8cgo261.jpg,1314,1606872809.0,0,,False,https://i.redd.it/lh7h0q8cgo261.jpg,image,"{'images': [{'source': {'url': 'https://preview.redd.it/lh7h0q8cgo261.jpg?auto=webp&amp;s=e4f90944b9aca04d09234358b0658128a60bf98a', 'width': 220, 'height': 290}, 'resolutions': [{'url': 'https://preview.redd.it/lh7h0q8cgo261.jpg?width=108&amp;crop=smart&amp;auto=webp&amp;s=082a4317b9e843fd013d0ae26df7699d8587902c', 'width': 108, 'height': 142}, {'url': 'https://preview.redd.it/lh7h0q8cgo261.jpg?width=216&amp;crop=smart&amp;auto=webp&amp;s=c72ee311182d7e83d167b9e9215df742b41b25e5', 'width': 216, 'height': 284}], 'variants': {}, 'id': 'puUDAXqtRjHupMu3zFc0se02TnsP_dGULVEoTeY3V_A'}], 'enabled': True}",,,
9,,AmazonPrimeVideo,says it all.   doesn't make much sense to me..     but then... in the last 11 months..little does...,t2_uc0dn,False,,0,False,Can't fig this out: why i pay for a subscription ..then have to PAY for videos..,[],r/AmazonPrimeVideo,False,6,,0,,,False,t3_k4t7ne,False,light,0.4,,public,0,0,{},,,False,[],,False,False,,{},General Question,False,0,,False,self,False,,[],{},,True,,1606882934.0,text,6,,,text,self.AmazonPrimeVideo,False,"&lt;!-- SC_OFF --&gt;&lt;div class=""md""&gt;&lt;p&gt;says it all.   doesn&amp;#39;t make much sense to me..     but then... in the last 11 months..little does...&lt;/p&gt;
&lt;/div&gt;&lt;!-- SC_ON --&gt;",,,,,False,True,False,False,False,[],[],False,eb94450c-a673-11ea-9fe8-0eb3adc22ae7,False,False,False,,[],False,,,,t5_2y9ch,,,#ff4500,k4t7ne,True,,TxCoastal,,3,True,all_ads,False,[],False,,/r/AmazonPrimeVideo/comments/k4t7ne/cant_fig_this_out_why_i_pay_for_a_subscription/,all_ads,False,https://www.reddit.com/r/AmazonPrimeVideo/comments/k4t7ne/cant_fig_this_out_why_i_pay_for_a_subscription/,1314,1606854134.0,0,,False,,,,,,
10,,AmazonPrimeVideo,"Why is it, that I can't watch UHD movies with original voices? I have to watch the german dubbed version. 

Same movie in HD offers german and original voice tracks.",t2_2jgnvots,False,,0,False,"UHD is not OV, HD is OV",[],r/AmazonPrimeVideo,False,6,,0,,,False,t3_k4t0qo,False,light,0.67,,public,1,0,{},,,False,[],,False,False,,{},Technical Question,False,1,,False,self,False,,[],{},,True,,1606882382.0,text,6,,,text,self.AmazonPrimeVideo,False,"&lt;!-- SC_OFF --&gt;&lt;div class=""md""&gt;&lt;p&gt;Why is it, that I can&amp;#39;t watch UHD movies with original voices? I have to watch the german dubbed version. &lt;/p&gt;

&lt;p&gt;Same movie in HD offers german and original voice tracks.&lt;/p&gt;
&lt;/div&gt;&lt;!-- SC_ON --&gt;",,,,,False,True,False,False,False,[],[],False,e044467a-a673-11ea-8dee-0e822702b6f1,False,False,False,,[],False,,,,t5_2y9ch,,,#ea0027,k4t0qo,True,,Piados1979,,0,True,all_ads,False,[],False,,/r/AmazonPrimeVideo/comments/k4t0qo/uhd_is_not_ov_hd_is_ov/,all_ads,False,https://www.reddit.com/r/AmazonPrimeVideo/comments/k4t0qo/uhd_is_not_ov_hd_is_ov/,1314,1606853582.0,0,,False,,,,,,
11,,AmazonPrimeVideo,Is it worth watching?? If possible drop your review,t2_820axlj5,False,,0,False,[DISCUSSION] Thoughts on ZeroZeroZero show???,[],r/AmazonPrimeVideo,False,6,,0,,,False,t3_k4iz3u,False,light,1.0,,public,1,0,{},,,False,[],,False,False,,{},General Question,False,1,,False,self,False,,[],{},,True,,1606850050.0,text,6,,,text,self.AmazonPrimeVideo,False,"&lt;!-- SC_OFF --&gt;&lt;div class=""md""&gt;&lt;p&gt;Is it worth watching?? If possible drop your review&lt;/p&gt;
&lt;/div&gt;&lt;!-- SC_ON --&gt;",,,,,False,True,False,False,False,[],[],False,eb94450c-a673-11ea-9fe8-0eb3adc22ae7,False,False,False,,[],False,,,,t5_2y9ch,,,#ff4500,k4iz3u,True,,UnusualBug10,,1,True,all_ads,False,[],False,,/r/AmazonPrimeVideo/comments/k4iz3u/discussion_thoughts_on_zerozerozero_show/,all_ads,False,https://www.reddit.com/r/AmazonPrimeVideo/comments/k4iz3u/discussion_thoughts_on_zerozerozero_show/,1314,1606821250.0,0,,False,,,,,,
12,,AmazonPrimeVideo,"My brother in-law wrote a movie and that is only available in Amazon US, I'm in Canada, I tried paying with a credit card but I noticed I can't with a billing address of Canada.
What if I get someone in US to buy the video in my Amazon Prime account for me, will I be able to watch the movie in Canada?
Just wondering if it's possible or anyone has tried.",t2_5ykamegi,False,,0,False,Watch videos paid in US outside of US,[],r/AmazonPrimeVideo,False,6,,0,,,False,t3_k4co9u,False,light,1.0,,public,1,0,{},,,False,[],,False,False,,{},Technical Question,False,1,,False,self,False,,[],{},,True,,1606822340.0,text,6,,,text,self.AmazonPrimeVideo,False,"&lt;!-- SC_OFF --&gt;&lt;div class=""md""&gt;&lt;p&gt;My brother in-law wrote a movie and that is only available in Amazon US, I&amp;#39;m in Canada, I tried paying with a credit card but I noticed I can&amp;#39;t with a billing address of Canada.
What if I get someone in US to buy the video in my Amazon Prime account for me, will I be able to watch the movie in Canada?
Just wondering if it&amp;#39;s possible or anyone has tried.&lt;/p&gt;
&lt;/div&gt;&lt;!-- SC_ON --&gt;",,,,,False,True,False,False,False,[],[],False,e044467a-a673-11ea-8dee-0e822702b6f1,False,False,False,,[],False,,,,t5_2y9ch,,,#ea0027,k4co9u,True,,Joshiaarsh,,0,True,all_ads,False,[],False,,/r/AmazonPrimeVideo/comments/k4co9u/watch_videos_paid_in_us_outside_of_us/,all_ads,False,https://www.reddit.com/r/AmazonPrimeVideo/comments/k4co9u/watch_videos_paid_in_us_outside_of_us/,1314,1606793540.0,0,,False,,,,,,
13,,AmazonPrimeVideo,I just opened prime video up and virtually everything is 100% of Indian movies!,t2_5yo254vb,False,,0,False,90% of my library is Indian movies and theyâ€™re all in Hindi!!! Please help I am in Canada!!,[],r/AmazonPrimeVideo,False,6,,0,,,False,t3_k4ch7a,False,light,1.0,,public,5,0,{},,,False,[],,False,False,,{},General Question,False,5,,False,self,False,,[],{},,True,,1606821683.0,text,6,,,text,self.AmazonPrimeVideo,False,"&lt;!-- SC_OFF --&gt;&lt;div class=""md""&gt;&lt;p&gt;I just opened prime video up and virtually everything is 100% of Indian movies!&lt;/p&gt;
&lt;/div&gt;&lt;!-- SC_ON --&gt;",,,,,False,False,False,False,False,[],[],False,eb94450c-a673-11ea-9fe8-0eb3adc22ae7,False,False,False,,[],False,,,,t5_2y9ch,,,#ff4500,k4ch7a,True,,Pwntario,,3,True,all_ads,False,[],False,,/r/AmazonPrimeVideo/comments/k4ch7a/90_of_my_library_is_indian_movies_and_theyre_all/,all_ads,False,https://www.reddit.com/r/AmazonPrimeVideo/comments/k4ch7a/90_of_my_library_is_indian_movies_and_theyre_all/,1314,1606792883.0,0,,False,,,,,,
14,,AmazonPrimeVideo,I have a data cap currently and would like to download seasons from work wifi. If I brought it home to stream to my Chromecast would it still be offline? Or would chromecast pull the episodes from the internet?,t2_4yjgm,False,,0,False,Download offline play and stream to chromecast?,[],r/AmazonPrimeVideo,False,6,,0,,,False,t3_k4cfl3,False,light,1.0,,public,1,0,{},,,False,[],,False,False,,{},Technical Question,False,1,,False,self,False,,[],{},,True,,1606821525.0,text,6,,,text,self.AmazonPrimeVideo,False,"&lt;!-- SC_OFF --&gt;&lt;div class=""md""&gt;&lt;p&gt;I have a data cap currently and would like to download seasons from work wifi. If I brought it home to stream to my Chromecast would it still be offline? Or would chromecast pull the episodes from the internet?&lt;/p&gt;
&lt;/div&gt;&lt;!-- SC_ON --&gt;",,,,,False,True,False,False,False,[],[],False,e044467a-a673-11ea-8dee-0e822702b6f1,False,False,False,,[],False,,,,t5_2y9ch,,,#ea0027,k4cfl3,True,,Craigonomics,,0,True,all_ads,False,[],False,,/r/AmazonPrimeVideo/comments/k4cfl3/download_offline_play_and_stream_to_chromecast/,all_ads,False,https://www.reddit.com/r/AmazonPrimeVideo/comments/k4cfl3/download_offline_play_and_stream_to_chromecast/,1314,1606792725.0,0,,False,,,,,,
15,,AmazonPrimeVideo,"We have an HBO subscription with Verizon FiOS, and before the deal with Roku fell thru, we were able to log into HBO Go on Roku to watch stuff.  The other night we noticed the HBO option thru Prime Video (yay!) but couldn't find an option to log in to show we already had a subscription.  Is that possible?  or is HBO thru Amazon totally separate?",t2_badqn,False,,0,False,HBO thru Prime with existing HBO (via FiOS) subscription login?,[],r/AmazonPrimeVideo,False,6,,0,,,False,t3_k45zy1,False,light,1.0,,public,2,0,{},,,False,[],,False,False,,{},General Question,False,2,,False,self,False,,[],{},,True,,1606801342.0,text,6,,,text,self.AmazonPrimeVideo,False,"&lt;!-- SC_OFF --&gt;&lt;div class=""md""&gt;&lt;p&gt;We have an HBO subscription with Verizon FiOS, and before the deal with Roku fell thru, we were able to log into HBO Go on Roku to watch stuff.  The other night we noticed the HBO option thru Prime Video (yay!) but couldn&amp;#39;t find an option to log in to show we already had a subscription.  Is that possible?  or is HBO thru Amazon totally separate?&lt;/p&gt;
&lt;/div&gt;&lt;!-- SC_ON --&gt;",,,,,False,False,False,False,False,[],[],False,eb94450c-a673-11ea-9fe8-0eb3adc22ae7,False,False,False,,[],False,,,,t5_2y9ch,,,#ff4500,k45zy1,True,,Pooch76,,9,True,all_ads,False,[],False,,/r/AmazonPrimeVideo/comments/k45zy1/hbo_thru_prime_with_existing_hbo_via_fios/,all_ads,False,https://www.reddit.com/r/AmazonPrimeVideo/comments/k45zy1/hbo_thru_prime_with_existing_hbo_via_fios/,1314,1606772542.0,0,,False,,,,,,
16,,AmazonPrimeVideo,,t2_601ekx,False,,0,False,"Hey! So Iâ€™m watching AMERICAN HORROR STORY and I canâ€™t watch s6 and past, does anyone have any idea why this is?",[],r/AmazonPrimeVideo,False,6,,0,140.0,,False,t3_k3tnmf,False,light,1.0,,public,1,0,{},140.0,,False,[],,False,False,,{},General Question,False,1,,False,https://b.thumbs.redditmedia.com/ZCteaMSxerA0_UsggICcOE-1HeKwMVArPlMmMfUxgng.jpg,False,,[],{},,False,,1606762307.0,text,6,,,text,reddit.com,False,,,,,,False,True,False,False,False,[],[],False,eb94450c-a673-11ea-9fe8-0eb3adc22ae7,False,False,False,,[],False,,,,t5_2y9ch,,,#ff4500,k3tnmf,True,,Thefizz12,,2,True,all_ads,False,[],False,,/r/AmazonPrimeVideo/comments/k3tnmf/hey_so_im_watching_american_horror_story_and_i/,all_ads,False,https://www.reddit.com/gallery/k3tnmf,1314,1606733507.0,1,,False,https://www.reddit.com/gallery/k3tnmf,,,True,"{'dek8bdd4yc261': {'status': 'valid', 'e': 'Image', 'm': 'image/jpg', 'p': [{'y': 216, 'x': 108, 'u': 'https://preview.redd.it/dek8bdd4yc261.jpg?width=108&amp;crop=smart&amp;auto=webp&amp;s=b56ebae0a7fbd600a9cb058118ebe4608e344b0a'}, {'y': 432, 'x': 216, 'u': 'https://preview.redd.it/dek8bdd4yc261.jpg?width=216&amp;crop=smart&amp;auto=webp&amp;s=8791d055b3b1bc0f5ee520c0de27c64058c477c1'}, {'y': 640, 'x': 320, 'u': 'https://preview.redd.it/dek8bdd4yc261.jpg?width=320&amp;crop=smart&amp;auto=webp&amp;s=40263c58271d4fb9fb2d533f9a406ef0f2ded7ea'}, {'y': 1280, 'x': 640, 'u': 'https://preview.redd.it/dek8bdd4yc261.jpg?width=640&amp;crop=smart&amp;auto=webp&amp;s=ad6c89dac9ae9a64e7b3a0b5f944e0db3ea8f28f'}, {'y': 1920, 'x': 960, 'u': 'https://preview.redd.it/dek8bdd4yc261.jpg?width=960&amp;crop=smart&amp;auto=webp&amp;s=ba5e893dfd958e68d37a9e3ca644cf548cb3941f'}, {'y': 2160, 'x': 1080, 'u': 'https://preview.redd.it/dek8bdd4yc261.jpg?width=1080&amp;crop=smart&amp;auto=webp&amp;s=e3eecf1759b161746f62578dffac2cc3a66e9bd5'}], 's': {'y': 2436, 'x': 1125, 'u': 'https://preview.redd.it/dek8bdd4yc261.jpg?width=1125&amp;format=pjpg&amp;auto=webp&amp;s=38f41e7d07eeb5f03dab20f1c4120ebd0e1a50fa'}, 'id': 'dek8bdd4yc261'}, '9envzfd4yc261': {'status': 'valid', 'e': 'Image', 'm': 'image/jpg', 'p': [{'y': 216, 'x': 108, 'u': 'https://preview.redd.it/9envzfd4yc261.jpg?width=108&amp;crop=smart&amp;auto=webp&amp;s=61a396c134b0fbbbc3ea96f2db1c8494ae772d0e'}, {'y': 432, 'x': 216, 'u': 'https://preview.redd.it/9envzfd4yc261.jpg?width=216&amp;crop=smart&amp;auto=webp&amp;s=e90b8b71e156c6ae29a4b586918a198c576edbd1'}, {'y': 640, 'x': 320, 'u': 'https://preview.redd.it/9envzfd4yc261.jpg?width=320&amp;crop=smart&amp;auto=webp&amp;s=8dadd8a2d39f42eb15b15d7effaa4f130034a4fb'}, {'y': 1280, 'x': 640, 'u': 'https://preview.redd.it/9envzfd4yc261.jpg?width=640&amp;crop=smart&amp;auto=webp&amp;s=ca8dcf844b5197a42b7f23621983fa8d91ef3755'}, {'y': 1920, 'x': 960, 'u': 'https://preview.redd.it/9envzfd4yc261.jpg?width=960&amp;crop=smart&amp;auto=webp&amp;s=00297c55dfcdf8143a3f5747227a6770a0d14f66'}, {'y': 2160, 'x': 1080, 'u': 'https://preview.redd.it/9envzfd4yc261.jpg?width=1080&amp;crop=smart&amp;auto=webp&amp;s=cc87ea38adc234d82977c0d3513301a5b044ff7d'}], 's': {'y': 2436, 'x': 1125, 'u': 'https://preview.redd.it/9envzfd4yc261.jpg?width=1125&amp;format=pjpg&amp;auto=webp&amp;s=2870432338abdc215d9bf858263507207ffebf9d'}, 'id': '9envzfd4yc261'}}","{'items': [{'media_id': 'dek8bdd4yc261', 'id': 15070828}, {'media_id': '9envzfd4yc261', 'id': 15070829}]}"
17,,AmazonPrimeVideo,"Trying to continue watching something on prime video.  On the TV continue watching is there, about 3rd row down.

On a web browser amazon will give me everything except what I want to watch.  It'll even suggest several seasons of what I'm watching apart from the episode I'm actually 1/2 way through.

Is there a quick way around this or do I really have to keep going to another site to get the exact episode name and search for it on prime?",t2_kpwrc,False,,0,False,Need help with the worst customer interface on the planet,[],r/AmazonPrimeVideo,False,6,,0,,,False,t3_k3jnix,False,light,0.75,,public,2,0,{},,,False,[],,False,False,,{},General Question,False,2,,False,self,False,,[],{},,True,,1606720385.0,text,6,,,text,self.AmazonPrimeVideo,False,"&lt;!-- SC_OFF --&gt;&lt;div class=""md""&gt;&lt;p&gt;Trying to continue watching something on prime video.  On the TV continue watching is there, about 3rd row down.&lt;/p&gt;

&lt;p&gt;On a web browser amazon will give me everything except what I want to watch.  It&amp;#39;ll even suggest several seasons of what I&amp;#39;m watching apart from the episode I&amp;#39;m actually 1/2 way through.&lt;/p&gt;

&lt;p&gt;Is there a quick way around this or do I really have to keep going to another site to get the exact episode name and search for it on prime?&lt;/p&gt;
&lt;/div&gt;&lt;!-- SC_ON --&gt;",,,,,False,False,False,False,False,[],[],False,eb94450c-a673-11ea-9fe8-0eb3adc22ae7,False,False,False,,[],False,,,,t5_2y9ch,,,#ff4500,k3jnix,True,,bikky73,,1,True,all_ads,False,[],False,,/r/AmazonPrimeVideo/comments/k3jnix/need_help_with_the_worst_customer_interface_on/,all_ads,False,https://www.reddit.com/r/AmazonPrimeVideo/comments/k3jnix/need_help_with_the_worst_customer_interface_on/,1314,1606691585.0,0,,False,,,,,,
18,,AmazonPrimeVideo,"Is there a fix for this? There is a bunch of shows, not even just anime, that I want to watch but the Audio is only in French and their are no English subtitles. I've looked everywhere on how to fix this and barring unsubscribing to prime from Amazon.ca and resubscribing to Amazon.com o have no clue how to fix this.

Any fixes out there or is Amazon just still not a good place to stream still?",t2_dn5ut,False,,0,False,"Prairie Canadian here, majority of Anime is French audio with Japanese sub or French sub, no English",[],r/AmazonPrimeVideo,False,6,,0,,,False,t3_k3fcip,False,light,1.0,,public,1,0,{},,,False,[],,False,False,,{},Technical Question,False,1,,False,self,False,,[],{},,True,,1606706290.0,text,6,,,text,self.AmazonPrimeVideo,False,"&lt;!-- SC_OFF --&gt;&lt;div class=""md""&gt;&lt;p&gt;Is there a fix for this? There is a bunch of shows, not even just anime, that I want to watch but the Audio is only in French and their are no English subtitles. I&amp;#39;ve looked everywhere on how to fix this and barring unsubscribing to prime from Amazon.ca and resubscribing to Amazon.com o have no clue how to fix this.&lt;/p&gt;

&lt;p&gt;Any fixes out there or is Amazon just still not a good place to stream still?&lt;/p&gt;
&lt;/div&gt;&lt;!-- SC_ON --&gt;",,,,,False,True,False,False,False,[],[],False,e044467a-a673-11ea-8dee-0e822702b6f1,False,False,False,,[],False,,,,t5_2y9ch,,,#ea0027,k3fcip,True,,Cerderius,,2,True,all_ads,False,[],False,,/r/AmazonPrimeVideo/comments/k3fcip/prairie_canadian_here_majority_of_anime_is_french/,all_ads,False,https://www.reddit.com/r/AmazonPrimeVideo/comments/k3fcip/prairie_canadian_here_majority_of_anime_is_french/,1314,1606677490.0,0,,False,,,,,,
19,,AmazonPrimeVideo,,t2_8i959yyy,False,,0,False,About Face: Jewish Refugee Soldiers in the Allied Forces,[],r/AmazonPrimeVideo,False,6,,0,,,False,t3_k3edn7,False,dark,1.0,,public,1,0,{},,,False,[],,False,False,,{},,False,1,,False,default,False,,[],{},,False,,1606703135.0,text,6,,,text,watch.amazon.com,False,,,,,,False,True,False,False,False,[],[],False,,False,False,False,,[],False,,,,t5_2y9ch,,,,k3edn7,True,,EducationalGrass6624,,0,False,all_ads,False,[],False,,/r/AmazonPrimeVideo/comments/k3edn7/about_face_jewish_refugee_soldiers_in_the_allied/,all_ads,False,Https://watch.amazon.com/detail?gti=amzn1.dv.gti.b4b94aa2-65ee-62ab-f007-734862c20ea1&amp;ref_=atv_dp_share_mv&amp;r=web,1314,1606674335.0,0,,False,Https://watch.amazon.com/detail?gti=amzn1.dv.gti.b4b94aa2-65ee-62ab-f007-734862c20ea1&amp;ref_=atv_dp_share_mv&amp;r=web,,,,,
20,,AmazonPrimeVideo,,t2_8ltb03cu,False,,0,False,Mirzapur Season 3 Preview: Hereâ€™s What Comes Next,[],r/AmazonPrimeVideo,False,6,,0,78.0,,False,t3_k3995f,False,dark,1.0,,public,1,0,{},140.0,,False,[],,False,False,,{},News,False,1,,False,https://b.thumbs.redditmedia.com/5gTJ9qjHP_0qD_T6BCfqfF8UQLp7k-GFf3CGusAmJmM.jpg,False,,[],{},,False,,1606684777.0,text,6,,,text,newsmac.co.in,False,,,,,,False,True,False,False,False,[],[],False,f294f9a0-a673-11ea-9e2f-0ed2c65da477,False,False,False,,[],False,,,,t5_2y9ch,,,#ffd635,k3995f,True,,BanteGirl,,0,True,all_ads,False,[],False,,/r/AmazonPrimeVideo/comments/k3995f/mirzapur_season_3_preview_heres_what_comes_next/,all_ads,False,http://www.newsmac.co.in/card/1606655907,1314,1606655977.0,0,,False,http://www.newsmac.co.in/card/1606655907,link,"{'images': [{'source': {'url': 'https://external-preview.redd.it/ndjtyMoM-PrC5c85NjxyAqScGp2RpvTfdtGWCbtTTFI.jpg?auto=webp&amp;s=971d8b3bc1e9c9682f4fdd9ce795adb3dbbf5df6', 'width': 1200, 'height': 675}, 'resolutions': [{'url': 'https://external-preview.redd.it/ndjtyMoM-PrC5c85NjxyAqScGp2RpvTfdtGWCbtTTFI.jpg?width=108&amp;crop=smart&amp;auto=webp&amp;s=2271cf86e954dbc8f857b0aa05c829c41c258cff', 'width': 108, 'height': 60}, {'url': 'https://external-preview.redd.it/ndjtyMoM-PrC5c85NjxyAqScGp2RpvTfdtGWCbtTTFI.jpg?width=216&amp;crop=smart&amp;auto=webp&amp;s=194f5c4444dbe5a5742f16e5784ca356c96edfac', 'width': 216, 'height': 121}, {'url': 'https://external-preview.redd.it/ndjtyMoM-PrC5c85NjxyAqScGp2RpvTfdtGWCbtTTFI.jpg?width=320&amp;crop=smart&amp;auto=webp&amp;s=cb7e3ab99d18e0023badc94dd3c0ab59d6b794ca', 'width': 320, 'height': 180}, {'url': 'https://external-preview.redd.it/ndjtyMoM-PrC5c85NjxyAqScGp2RpvTfdtGWCbtTTFI.jpg?width=640&amp;crop=smart&amp;auto=webp&amp;s=e8afc5091262f83dd08134fc1778e39056e83e46', 'width': 640, 'height': 360}, {'url': 'https://external-preview.redd.it/ndjtyMoM-PrC5c85NjxyAqScGp2RpvTfdtGWCbtTTFI.jpg?width=960&amp;crop=smart&amp;auto=webp&amp;s=6797a24a4eee66423a8a83c57a88212ad6338ced', 'width': 960, 'height': 540}, {'url': 'https://external-preview.redd.it/ndjtyMoM-PrC5c85NjxyAqScGp2RpvTfdtGWCbtTTFI.jpg?width=1080&amp;crop=smart&amp;auto=webp&amp;s=54abd3388faba006d27a498a31cf3abfea99ecd5', 'width': 1080, 'height': 607}], 'variants': {}, 'id': '32RdTrs3A9kZYxAL7xQODTpNZOCypDDnNJho6jB5-Y4'}], 'enabled': False}",,,
21,,AmazonPrimeVideo,,t2_tnfe8hn,False,,0,False,Small Axe - Lover's Rock Review,[],r/AmazonPrimeVideo,False,6,,0,105.0,,False,t3_k32cjp,False,dark,1.0,,public,3,0,"{'content': '&lt;iframe width=""600"" height=""338"" src=""https://www.youtube.com/embed/X_GgXqINAms?feature=oembed&amp;enablejsapi=1"" frameborder=""0"" allow=""accelerometer; autoplay; clipboard-write; encrypted-media; gyroscope; picture-in-picture"" allowfullscreen&gt;&lt;/iframe&gt;', 'width': 600, 'scrolling': False, 'height': 338}",140.0,,False,[],"{'oembed': {'provider_url': 'https://www.youtube.com/', 'title': ""Small Axe - Lover's Rock | Amazon Prime Video - Movie REVIEW"", 'html': '&lt;iframe width=""600"" height=""338"" src=""https://www.youtube.com/embed/X_GgXqINAms?feature=oembed&amp;enablejsapi=1"" frameborder=""0"" allow=""accelerometer; autoplay; clipboard-write; encrypted-media; gyroscope; picture-in-picture"" allowfullscreen&gt;&lt;/iframe&gt;', 'thumbnail_width': 480, 'height': 338, 'width': 600, 'version': '1.0', 'author_name': 'Caped Informer', 'provider_name': 'YouTube', 'thumbnail_url': 'https://i.ytimg.com/vi/X_GgXqINAms/hqdefault.jpg', 'type': 'video', 'thumbnail_height': 360, 'author_url': 'https://www.youtube.com/channel/UChrVOEwJrOfroMmbDg4grfQ'}, 'type': 'youtube.com'}",False,False,,"{'content': '&lt;iframe width=""600"" height=""338"" src=""https://www.youtube.com/embed/X_GgXqINAms?feature=oembed&amp;enablejsapi=1"" frameborder=""0"" allow=""accelerometer; autoplay; clipboard-write; encrypted-media; gyroscope; picture-in-picture"" allowfullscreen&gt;&lt;/iframe&gt;', 'width': 600, 'scrolling': False, 'media_domain_url': 'https://www.redditmedia.com/mediaembed/k32cjp', 'height': 338}",Recommend a show,False,3,,False,https://b.thumbs.redditmedia.com/ITKSzbphIxel9JaQ72xwSlo1npfmeI2sm660TRsAQ-A.jpg,False,,[],{},,False,,1606650259.0,text,6,,,text,youtu.be,False,,,,,,False,False,False,False,False,[],[],False,0d58331a-a674-11ea-9467-0e8a74df3507,False,False,False,,[],False,,,,t5_2y9ch,,,#46d160,k32cjp,True,,jlesproject,,0,True,all_ads,False,[],False,,/r/AmazonPrimeVideo/comments/k32cjp/small_axe_lovers_rock_review/,all_ads,False,https://youtu.be/X_GgXqINAms,1314,1606621459.0,0,"{'oembed': {'provider_url': 'https://www.youtube.com/', 'title': ""Small Axe - Lover's Rock | Amazon Prime Video - Movie REVIEW"", 'html': '&lt;iframe width=""600"" height=""338"" src=""https://www.youtube.com/embed/X_GgXqINAms?feature=oembed&amp;enablejsapi=1"" frameborder=""0"" allow=""accelerometer; autoplay; clipboard-write; encrypted-media; gyroscope; picture-in-picture"" allowfullscreen&gt;&lt;/iframe&gt;', 'thumbnail_width': 480, 'height': 338, 'width': 600, 'version': '1.0', 'author_name': 'Caped Informer', 'provider_name': 'YouTube', 'thumbnail_url': 'https://i.ytimg.com/vi/X_GgXqINAms/hqdefault.jpg', 'type': 'video', 'thumbnail_height': 360, 'author_url': 'https://www.youtube.com/channel/UChrVOEwJrOfroMmbDg4grfQ'}, 'type': 'youtube.com'}",False,https://youtu.be/X_GgXqINAms,rich:video,"{'images': [{'source': {'url': 'https://external-preview.redd.it/qTsGTORa4_u79_-iibh5-3VFVPi4Ow-MApbuFzmgFi4.jpg?auto=webp&amp;s=b05b160109d6e9d16cb8ce49ae26b711d624298e', 'width': 480, 'height': 360}, 'resolutions': [{'url': 'https://external-preview.redd.it/qTsGTORa4_u79_-iibh5-3VFVPi4Ow-MApbuFzmgFi4.jpg?width=108&amp;crop=smart&amp;auto=webp&amp;s=c56d25a1a485b23abc18b7efe02176f0b37ac80f', 'width': 108, 'height': 81}, {'url': 'https://external-preview.redd.it/qTsGTORa4_u79_-iibh5-3VFVPi4Ow-MApbuFzmgFi4.jpg?width=216&amp;crop=smart&amp;auto=webp&amp;s=1bf4489616c715386e87ff1f4b6f4e9a36d3fbdc', 'width': 216, 'height': 162}, {'url': 'https://external-preview.redd.it/qTsGTORa4_u79_-iibh5-3VFVPi4Ow-MApbuFzmgFi4.jpg?width=320&amp;crop=smart&amp;auto=webp&amp;s=9db00894dee8df36f01514586ede8c20094e3705', 'width': 320, 'height': 240}], 'variants': {}, 'id': 'bag_Vg2Zf6X2WDeTDHh8AI68HmikEme5T6tsArmw-3c'}], 'enabled': False}",,,
22,,AmazonPrimeVideo,Be sure to bring some tissues!,t2_amzdx,False,,0,False,"Check out Uncle Frank, great flick",[],r/AmazonPrimeVideo,False,6,,0,,,False,t3_k30dlg,False,dark,1.0,,public,3,0,{},,,False,[],,False,False,,{},Recommend a show,False,3,,False,self,False,,[],{},,True,,1606642662.0,text,6,,,text,self.AmazonPrimeVideo,False,"&lt;!-- SC_OFF --&gt;&lt;div class=""md""&gt;&lt;p&gt;Be sure to bring some tissues!&lt;/p&gt;
&lt;/div&gt;&lt;!-- SC_ON --&gt;",,,,,False,False,False,False,False,[],[],False,0d58331a-a674-11ea-9467-0e8a74df3507,False,False,False,,[],False,,,,t5_2y9ch,,,#46d160,k30dlg,True,,markramsey,,0,True,all_ads,False,[],False,,/r/AmazonPrimeVideo/comments/k30dlg/check_out_uncle_frank_great_flick/,all_ads,False,https://www.reddit.com/r/AmazonPrimeVideo/comments/k30dlg/check_out_uncle_frank_great_flick/,1314,1606613862.0,0,,False,,,,,,
23,,AmazonPrimeVideo,,t2_4t74hnlh,False,,0,False,Prime app hasnâ€™t worked since Monday on LG smart TV. Any suggestions?,[],r/AmazonPrimeVideo,False,6,,0,140.0,,False,t3_k2xp05,False,light,1.0,,public,2,0,{},140.0,,False,[],,True,False,,{},Technical Question,False,2,,False,https://b.thumbs.redditmedia.com/8NDKlyo3-QZN0-bG8M9UTOWjom_cL-PueWAy3rFhc2g.jpg,False,,[],{},,False,,1606633213.0,text,6,,,text,i.redd.it,False,,,,,,False,False,False,False,False,[],[],False,e044467a-a673-11ea-8dee-0e822702b6f1,False,False,False,,[],False,,,,t5_2y9ch,,,#ea0027,k2xp05,True,,pens1306,,0,True,all_ads,False,[],False,,/r/AmazonPrimeVideo/comments/k2xp05/prime_app_hasnt_worked_since_monday_on_lg_smart/,all_ads,False,https://i.redd.it/tk3pouy8a2261.jpg,1314,1606604413.0,0,,False,https://i.redd.it/tk3pouy8a2261.jpg,image,"{'images': [{'source': {'url': 'https://preview.redd.it/tk3pouy8a2261.jpg?auto=webp&amp;s=16054599581fe2cf4bde6caf4cb9a3f01947b297', 'width': 3024, 'height': 4032}, 'resolutions': [{'url': 'https://preview.redd.it/tk3pouy8a2261.jpg?width=108&amp;crop=smart&amp;auto=webp&amp;s=41311ed981bc61cdc72db8d8521d6509763d74be', 'width': 108, 'height': 144}, {'url': 'https://preview.redd.it/tk3pouy8a2261.jpg?width=216&amp;crop=smart&amp;auto=webp&amp;s=f33ff24b9b211aa09d7acd4bd090b341839fe38a', 'width': 216, 'height': 288}, {'url': 'https://preview.redd.it/tk3pouy8a2261.jpg?width=320&amp;crop=smart&amp;auto=webp&amp;s=69513c47f6f91fecbf27aa8f8ffdec3ff3fa6d8b', 'width': 320, 'height': 426}, {'url': 'https://preview.redd.it/tk3pouy8a2261.jpg?width=640&amp;crop=smart&amp;auto=webp&amp;s=58a6975dbb6061de7317eda599dccbc670afd925', 'width': 640, 'height': 853}, {'url': 'https://preview.redd.it/tk3pouy8a2261.jpg?width=960&amp;crop=smart&amp;auto=webp&amp;s=c519c305a56f9dde21af446eb00b97f5af27d173', 'width': 960, 'height': 1280}, {'url': 'https://preview.redd.it/tk3pouy8a2261.jpg?width=1080&amp;crop=smart&amp;auto=webp&amp;s=61a7450bcce9a50bf623c404c3feb01ab1d5001f', 'width': 1080, 'height': 1440}], 'variants': {}, 'id': 'GBAvkdu32fqdJASDlGpHIyB-V6XKVyBquxsifv8MOmg'}], 'enabled': True}",,,
24,,AmazonPrimeVideo,,t2_1a6fnwet,False,,0,False,Pause button is a D and the rest it's just a bunch of number 7's. I feel it's not normal is it?,[],r/AmazonPrimeVideo,False,6,,0,105.0,,False,t3_k2nact,False,light,1.0,,public,1,0,{},140.0,,False,[],,True,False,,{},Technical Question,False,1,,False,https://b.thumbs.redditmedia.com/FPqxKxpACEtyNWgtGmC5i0VdQadPwN3tQLp-Gs94TCA.jpg,False,,[],{},,False,,1606597322.0,text,6,,,text,i.redd.it,False,,,,,,False,True,False,False,False,[],[],False,e044467a-a673-11ea-8dee-0e822702b6f1,False,False,False,,[],False,,,,t5_2y9ch,,,#ea0027,k2nact,True,,BaptistFire,,0,True,all_ads,False,[],False,,/r/AmazonPrimeVideo/comments/k2nact/pause_button_is_a_d_and_the_rest_its_just_a_bunch/,all_ads,False,https://i.redd.it/l9z5rc6jbz161.jpg,1314,1606568522.0,0,,False,https://i.redd.it/l9z5rc6jbz161.jpg,image,"{'images': [{'source': {'url': 'https://preview.redd.it/l9z5rc6jbz161.jpg?auto=webp&amp;s=2a332cb6469e6cce3d0417bdad17069e7c54e8ec', 'width': 4608, 'height': 3456}, 'resolutions': [{'url': 'https://preview.redd.it/l9z5rc6jbz161.jpg?width=108&amp;crop=smart&amp;auto=webp&amp;s=00858a0e556d79e746c747308036fa248d805fcf', 'width': 108, 'height': 81}, {'url': 'https://preview.redd.it/l9z5rc6jbz161.jpg?width=216&amp;crop=smart&amp;auto=webp&amp;s=4ee11faa96b04ca789533467c8aaf2c5e9922554', 'width': 216, 'height': 162}, {'url': 'https://preview.redd.it/l9z5rc6jbz161.jpg?width=320&amp;crop=smart&amp;auto=webp&amp;s=3ee947455b012838f92762d7a6411ff540c15e36', 'width': 320, 'height': 240}, {'url': 'https://preview.redd.it/l9z5rc6jbz161.jpg?width=640&amp;crop=smart&amp;auto=webp&amp;s=3060e5620718314a2acb0db06f409a0a42719182', 'width': 640, 'height': 480}, {'url': 'https://preview.redd.it/l9z5rc6jbz161.jpg?width=960&amp;crop=smart&amp;auto=webp&amp;s=d6ccff0c70b1a6b774d3072ebb461ed4bec66806', 'width': 960, 'height': 720}, {'url': 'https://preview.redd.it/l9z5rc6jbz161.jpg?width=1080&amp;crop=smart&amp;auto=webp&amp;s=26a4dcf90c80a322ea7e8fd91f332cdeade0c6d9', 'width': 1080, 'height': 810}], 'variants': {}, 'id': 'vbzlFZw5hoKDYbwoAwW0n-SNQ-iApPS5GUv4m5zy4EQ'}], 'enabled': True}",,,
