,approved_at_utc,subreddit,selftext,author_fullname,saved,mod_reason_title,gilded,clicked,title,link_flair_richtext,subreddit_name_prefixed,hidden,pwls,link_flair_css_class,downs,top_awarded_type,hide_score,name,quarantine,link_flair_text_color,upvote_ratio,author_flair_background_color,subreddit_type,ups,total_awards_received,media_embed,author_flair_template_id,is_original_content,user_reports,secure_media,is_reddit_media_domain,is_meta,category,secure_media_embed,link_flair_text,can_mod_post,score,approved_by,author_premium,thumbnail,edited,author_flair_css_class,author_flair_richtext,gildings,content_categories,is_self,mod_note,created,link_flair_type,wls,removed_by_category,banned_by,author_flair_type,domain,allow_live_comments,selftext_html,likes,suggested_sort,banned_at_utc,view_count,archived,no_follow,is_crosspostable,pinned,over_18,all_awardings,awarders,media_only,can_gild,spoiler,locked,author_flair_text,treatment_tags,visited,removed_by,num_reports,distinguished,subreddit_id,mod_reason_by,removal_reason,link_flair_background_color,id,is_robot_indexable,report_reasons,author,discussion_type,num_comments,send_replies,whitelist_status,contest_mode,mod_reports,author_patreon_flair,author_flair_text_color,permalink,parent_whitelist_status,stickied,url,subreddit_subscribers,created_utc,num_crossposts,media,is_video,url_overridden_by_dest
0,,netflix,I just signed into my PS4 and tried to watch Netflix and it asked to send a verify to my email to be sure it’s me. Why did this happen? I didn’t get this prompt from my tv Netflix app,t2_une6d,False,,0,False,PS4 asking for verification?,[],r/netflix,False,6,,0,,True,t3_k796mz,False,dark,1.0,,public,1,0,{},,False,[],,False,False,,{},,False,1,,False,,False,,[],{},,True,,1607210239.0,text,6,,,text,self.netflix,False,"&lt;!-- SC_OFF --&gt;&lt;div class=""md""&gt;&lt;p&gt;I just signed into my PS4 and tried to watch Netflix and it asked to send a verify to my email to be sure it’s me. Why did this happen? I didn’t get this prompt from my tv Netflix app&lt;/p&gt;
&lt;/div&gt;&lt;!-- SC_ON --&gt;",,,,,False,False,False,False,False,[],[],False,False,False,False,,[],False,,,,t5_2qoxj,,,,k796mz,True,,Zx21v9000,,0,True,all_ads,False,[],False,,/r/netflix/comments/k796mz/ps4_asking_for_verification/,all_ads,False,https://www.reddit.com/r/netflix/comments/k796mz/ps4_asking_for_verification/,636741,1607181439.0,0,,False,
1,,netflix,Does anyone know a full list of shows being released weekly (instead of whole seasons)? I tried searching on netflix itself but it doesn't seem to be a tag.,t2_2wuwd4l5,False,,0,False,Weekly released netflix shows list?,[],r/netflix,False,6,,0,,True,t3_k77sbv,False,dark,1.0,,public,1,0,{},,False,[],,False,False,,{},,False,1,,False,,False,,[],{},,True,,1607204992.0,text,6,,,text,self.netflix,True,"&lt;!-- SC_OFF --&gt;&lt;div class=""md""&gt;&lt;p&gt;Does anyone know a full list of shows being released weekly (instead of whole seasons)? I tried searching on netflix itself but it doesn&amp;#39;t seem to be a tag.&lt;/p&gt;
&lt;/div&gt;&lt;!-- SC_ON --&gt;",,,,,False,False,False,False,False,[],[],False,False,False,False,,[],False,,,,t5_2qoxj,,,,k77sbv,True,,IcedLime,,1,True,all_ads,False,[],False,,/r/netflix/comments/k77sbv/weekly_released_netflix_shows_list/,all_ads,False,https://www.reddit.com/r/netflix/comments/k77sbv/weekly_released_netflix_shows_list/,636741,1607176192.0,0,,False,
2,,netflix,"I use the netflix app on my fire tv stick and lots of the shows I try to play when i click on them it says ""play episode 2"" as if I already watched the first one. I haven't. They don't even show up in continue watching. Is this some bug?",t2_zfetx,False,,0,False,[help] Netflix playing the second episode instead of the first one,[],r/netflix,False,6,,0,,False,t3_k778pf,False,dark,1.0,,public,1,0,{},,False,[],,False,False,,{},,False,1,,False,,False,,[],{},,True,,1607202726.0,text,6,,,text,self.netflix,False,"&lt;!-- SC_OFF --&gt;&lt;div class=""md""&gt;&lt;p&gt;I use the netflix app on my fire tv stick and lots of the shows I try to play when i click on them it says &amp;quot;play episode 2&amp;quot; as if I already watched the first one. I haven&amp;#39;t. They don&amp;#39;t even show up in continue watching. Is this some bug?&lt;/p&gt;
&lt;/div&gt;&lt;!-- SC_ON --&gt;",,,,,False,False,False,False,False,[],[],False,False,False,False,,[],False,,,,t5_2qoxj,,,,k778pf,True,,tili_97,,0,True,all_ads,False,[],False,,/r/netflix/comments/k778pf/help_netflix_playing_the_second_episode_instead/,all_ads,False,https://www.reddit.com/r/netflix/comments/k778pf/help_netflix_playing_the_second_episode_instead/,636741,1607173926.0,0,,False,
3,,netflix,"Seriously, in the top 10 movies watched over the last week and Netflix removes the latest grinch movie from their lineup. Our kids are pissed and I'm pissed for them!

Edit: found it airing on FX tomorrow night at 8pm for those who still have cable.",t2_3tenylcy,False,,0,False,Who the F removes the latest grinch movie DURING the Christmas season?!?!,[],r/netflix,False,6,,0,,False,t3_k76osv,False,dark,0.81,,public,184,0,{},,False,[],,False,False,,{},,False,184,,False,,1607174602.0,,[],{},,True,,1607200314.0,text,6,,,text,self.netflix,False,"&lt;!-- SC_OFF --&gt;&lt;div class=""md""&gt;&lt;p&gt;Seriously, in the top 10 movies watched over the last week and Netflix removes the latest grinch movie from their lineup. Our kids are pissed and I&amp;#39;m pissed for them!&lt;/p&gt;

&lt;p&gt;Edit: found it airing on FX tomorrow night at 8pm for those who still have cable.&lt;/p&gt;
&lt;/div&gt;&lt;!-- SC_ON --&gt;",,,,,False,False,False,False,False,[],[],False,False,False,False,,[],False,,,,t5_2qoxj,,,,k76osv,True,,NJhokie213,,56,True,all_ads,False,[],False,,/r/netflix/comments/k76osv/who_the_f_removes_the_latest_grinch_movie_during/,all_ads,False,https://www.reddit.com/r/netflix/comments/k76osv/who_the_f_removes_the_latest_grinch_movie_during/,636741,1607171514.0,0,,False,
4,,netflix,"There was a show/movie advertised on Netflix Canada this week and I didn't add it to my list and now I can't remember what it's called. In the trailer, there was a woman buying an artefact in the desert. That's all I remember. Does anyone know what I'm talking about?",t2_30ddbn68,False,,0,False,Can't remember Netflix movie/show title,[],r/netflix,False,6,,0,,False,t3_k76jd6,False,dark,0.82,,public,7,0,{},,False,[],,False,False,,{},,False,7,,False,,False,,[],{},,True,,1607199583.0,text,6,,,text,self.netflix,False,"&lt;!-- SC_OFF --&gt;&lt;div class=""md""&gt;&lt;p&gt;There was a show/movie advertised on Netflix Canada this week and I didn&amp;#39;t add it to my list and now I can&amp;#39;t remember what it&amp;#39;s called. In the trailer, there was a woman buying an artefact in the desert. That&amp;#39;s all I remember. Does anyone know what I&amp;#39;m talking about?&lt;/p&gt;
&lt;/div&gt;&lt;!-- SC_ON --&gt;",,,,,False,False,False,False,False,[],[],False,False,False,False,,[],False,,,,t5_2qoxj,,,,k76jd6,True,,LiamTS,,0,True,all_ads,False,[],False,,/r/netflix/comments/k76jd6/cant_remember_netflix_movieshow_title/,all_ads,False,https://www.reddit.com/r/netflix/comments/k76jd6/cant_remember_netflix_movieshow_title/,636741,1607170783.0,0,,False,
5,,netflix,"Will attack on titan be available on NETFLIX? I mean i saw Netflix Philippines saying it'll be available on their. I live in Middle East (UNITED ARAB EMIRATES - DUBAI) So i was wondering, will it release on Netflix Middle East or something? Please say the timing of release in (GMT)",t2_33e8de3m,False,,0,False,Will Attack On Titan be there on Netflix?,[],r/netflix,False,6,,0,,False,t3_k757pb,False,dark,0.6,,public,1,0,{},,False,[],,False,False,,{},,False,1,,False,,False,,[],{},,True,,1607192748.0,text,6,,,text,self.netflix,False,"&lt;!-- SC_OFF --&gt;&lt;div class=""md""&gt;&lt;p&gt;Will attack on titan be available on NETFLIX? I mean i saw Netflix Philippines saying it&amp;#39;ll be available on their. I live in Middle East (UNITED ARAB EMIRATES - DUBAI) So i was wondering, will it release on Netflix Middle East or something? Please say the timing of release in (GMT)&lt;/p&gt;
&lt;/div&gt;&lt;!-- SC_ON --&gt;",,,,,False,False,False,False,False,[],[],False,False,False,False,,[],False,,,,t5_2qoxj,,,,k757pb,True,,faroohxd,,0,True,all_ads,False,[],False,,/r/netflix/comments/k757pb/will_attack_on_titan_be_there_on_netflix/,all_ads,False,https://www.reddit.com/r/netflix/comments/k757pb/will_attack_on_titan_be_there_on_netflix/,636741,1607163948.0,0,,False,
6,,netflix,"I've watched other anime series, like Fullmetal Alchemist and Beastars, with english subs and/or dubs, but for Steins;Gate, I only have the Spanish dub and Portuguese/Spanish subs. Is there any way for me to access at least the subtitles without resorting to VPNs?",t2_12ket4,False,,0,False,Steins;Gate subs and dubs,[],r/netflix,False,6,,0,,False,t3_k755cj,False,dark,1.0,,public,1,0,{},,False,[],,False,False,,{},,False,1,,False,,False,,[],{},,True,,1607192387.0,text,6,,,text,self.netflix,False,"&lt;!-- SC_OFF --&gt;&lt;div class=""md""&gt;&lt;p&gt;I&amp;#39;ve watched other anime series, like Fullmetal Alchemist and Beastars, with english subs and/or dubs, but for Steins;Gate, I only have the Spanish dub and Portuguese/Spanish subs. Is there any way for me to access at least the subtitles without resorting to VPNs?&lt;/p&gt;
&lt;/div&gt;&lt;!-- SC_ON --&gt;",,,,,False,False,False,False,False,[],[],False,False,False,False,,[],False,,,,t5_2qoxj,,,,k755cj,True,,EndlessFacepalms4,,0,True,all_ads,False,[],False,,/r/netflix/comments/k755cj/steinsgate_subs_and_dubs/,all_ads,False,https://www.reddit.com/r/netflix/comments/k755cj/steinsgate_subs_and_dubs/,636741,1607163587.0,0,,False,
7,,netflix,It isn't new and it's a netflix original so I don't see why there would be any copyright issues. Could someone please explain to me why it doesn't show up?,t2_7d7vzw85,False,,0,False,Siege of Jadotville is not in netflix,[],r/netflix,False,6,,0,,False,t3_k74kwp,False,dark,1.0,,public,2,0,{},,False,[],,False,False,,{},,False,2,,False,,False,,[],{},,True,,1607189146.0,text,6,,,text,self.netflix,False,"&lt;!-- SC_OFF --&gt;&lt;div class=""md""&gt;&lt;p&gt;It isn&amp;#39;t new and it&amp;#39;s a netflix original so I don&amp;#39;t see why there would be any copyright issues. Could someone please explain to me why it doesn&amp;#39;t show up?&lt;/p&gt;
&lt;/div&gt;&lt;!-- SC_ON --&gt;",,,,,False,False,False,False,False,[],[],False,False,False,False,,[],False,,,,t5_2qoxj,,,,k74kwp,True,,Cfj42,,5,True,all_ads,False,[],False,,/r/netflix/comments/k74kwp/siege_of_jadotville_is_not_in_netflix/,all_ads,False,https://www.reddit.com/r/netflix/comments/k74kwp/siege_of_jadotville_is_not_in_netflix/,636741,1607160346.0,0,,False,
8,,netflix,"i charged the credit by the gc 3months ago
the question is that originally i paid the credit monthly and it is normal
but it was only paid for 2 weeks 
there is credit that can be used for 3 months
does anyone know why???",t2_8bj4i6zv,False,,0,False,about credit which was charged by gift card,[],r/netflix,False,6,,0,,False,t3_k73ee7,False,dark,0.5,,public,0,0,{},,False,[],,False,False,,{},,False,0,,False,,False,,[],{},,True,,1607182552.0,text,6,,,text,self.netflix,False,"&lt;!-- SC_OFF --&gt;&lt;div class=""md""&gt;&lt;p&gt;i charged the credit by the gc 3months ago
the question is that originally i paid the credit monthly and it is normal
but it was only paid for 2 weeks 
there is credit that can be used for 3 months
does anyone know why???&lt;/p&gt;
&lt;/div&gt;&lt;!-- SC_ON --&gt;",,,,,False,False,False,False,False,[],[],False,False,False,False,,[],False,,,,t5_2qoxj,,,,k73ee7,True,,iamworldhero,,0,True,all_ads,False,[],False,,/r/netflix/comments/k73ee7/about_credit_which_was_charged_by_gift_card/,all_ads,False,https://www.reddit.com/r/netflix/comments/k73ee7/about_credit_which_was_charged_by_gift_card/,636741,1607153752.0,0,,False,
9,,netflix,"I watched this and I found it confusing that it wasn’t a successful box office release.

Growing up, I saw it in theaters at age 5, we had the VHS and CD. The only other movie CD we had was Lion King. We played the Nightmare album way more.

I remember growing up with this movie and various friends emulating the drawing style throughout the 90s but the make it sound like it wasn’t a cult classic until 2005 (by then Hot Topic was on board)

I’m really surprised it wasn’t always popular. Is anyone else surprised?",t2_d4dzi,False,,0,False,The Holiday Movies that Made Us - Nightmare Before Christmas,[],r/netflix,False,6,,0,,False,t3_k73aqd,False,dark,1.0,,public,12,1,{},,False,[],,False,False,,{},,False,12,,False,,False,,[],{},,True,,1607181999.0,text,6,,,text,self.netflix,False,"&lt;!-- SC_OFF --&gt;&lt;div class=""md""&gt;&lt;p&gt;I watched this and I found it confusing that it wasn’t a successful box office release.&lt;/p&gt;

&lt;p&gt;Growing up, I saw it in theaters at age 5, we had the VHS and CD. The only other movie CD we had was Lion King. We played the Nightmare album way more.&lt;/p&gt;

&lt;p&gt;I remember growing up with this movie and various friends emulating the drawing style throughout the 90s but the make it sound like it wasn’t a cult classic until 2005 (by then Hot Topic was on board)&lt;/p&gt;

&lt;p&gt;I’m really surprised it wasn’t always popular. Is anyone else surprised?&lt;/p&gt;
&lt;/div&gt;&lt;!-- SC_ON --&gt;",,,,,False,False,False,False,False,"[{'giver_coin_reward': None, 'subreddit_id': None, 'is_new': False, 'days_of_drip_extension': 0, 'coin_price': 300, 'id': 'award_28e8196b-d4e9-45bc-b612-cd4c7d3ed4b3', 'penny_donate': None, 'award_sub_type': 'GLOBAL', 'coin_reward': 0, 'icon_url': 'https://i.redd.it/award_images/t5_q0gj4/9fmmyy3c68361_RocketLikeSanta.png', 'days_of_premium': 0, 'tiers_by_required_awardings': None, 'resized_icons': [{'url': 'https://preview.redd.it/award_images/t5_q0gj4/9fmmyy3c68361_RocketLikeSanta.png?width=16&amp;height=16&amp;auto=webp&amp;s=24fc4d912e595c3fed2ce0deef1c13f70df56056', 'width': 16, 'height': 16}, {'url': 'https://preview.redd.it/award_images/t5_q0gj4/9fmmyy3c68361_RocketLikeSanta.png?width=32&amp;height=32&amp;auto=webp&amp;s=f9d869602e0d8b719186cc603864a42699e5c96e', 'width': 32, 'height': 32}, {'url': 'https://preview.redd.it/award_images/t5_q0gj4/9fmmyy3c68361_RocketLikeSanta.png?width=48&amp;height=48&amp;auto=webp&amp;s=b223ac8fdd206b683b840c2782307c3f01b04fb7', 'width': 48, 'height': 48}, {'url': 'https://preview.redd.it/award_images/t5_q0gj4/9fmmyy3c68361_RocketLikeSanta.png?width=64&amp;height=64&amp;auto=webp&amp;s=a0b840c6ecdee904012a6c53c40194733b72bca8', 'width': 64, 'height': 64}, {'url': 'https://preview.redd.it/award_images/t5_q0gj4/9fmmyy3c68361_RocketLikeSanta.png?width=128&amp;height=128&amp;auto=webp&amp;s=b2e2ca67e067f82ff9b4ea1fe1b39395ca622894', 'width': 128, 'height': 128}], 'icon_width': 2048, 'static_icon_width': 2048, 'start_date': None, 'is_enabled': True, 'awardings_required_to_grant_benefits': None, 'description': ""When an upvote just isn't enough, smash the Rocket Like."", 'end_date': None, 'subreddit_coin_reward': 0, 'count': 1, 'static_icon_height': 2048, 'name': 'Rocket Like', 'resized_static_icons': [{'url': 'https://preview.redd.it/award_images/t5_q0gj4/9fmmyy3c68361_RocketLikeSanta.png?width=16&amp;height=16&amp;auto=webp&amp;s=24fc4d912e595c3fed2ce0deef1c13f70df56056', 'width': 16, 'height': 16}, {'url': 'https://preview.redd.it/award_images/t5_q0gj4/9fmmyy3c68361_RocketLikeSanta.png?width=32&amp;height=32&amp;auto=webp&amp;s=f9d869602e0d8b719186cc603864a42699e5c96e', 'width': 32, 'height': 32}, {'url': 'https://preview.redd.it/award_images/t5_q0gj4/9fmmyy3c68361_RocketLikeSanta.png?width=48&amp;height=48&amp;auto=webp&amp;s=b223ac8fdd206b683b840c2782307c3f01b04fb7', 'width': 48, 'height': 48}, {'url': 'https://preview.redd.it/award_images/t5_q0gj4/9fmmyy3c68361_RocketLikeSanta.png?width=64&amp;height=64&amp;auto=webp&amp;s=a0b840c6ecdee904012a6c53c40194733b72bca8', 'width': 64, 'height': 64}, {'url': 'https://preview.redd.it/award_images/t5_q0gj4/9fmmyy3c68361_RocketLikeSanta.png?width=128&amp;height=128&amp;auto=webp&amp;s=b2e2ca67e067f82ff9b4ea1fe1b39395ca622894', 'width': 128, 'height': 128}], 'icon_format': None, 'icon_height': 2048, 'penny_price': None, 'award_type': 'global', 'static_icon_url': 'https://i.redd.it/award_images/t5_q0gj4/9fmmyy3c68361_RocketLikeSanta.png'}]",[],False,False,False,False,,[],False,,,,t5_2qoxj,,,,k73aqd,True,,itsjustluck,,7,True,all_ads,False,[],False,,/r/netflix/comments/k73aqd/the_holiday_movies_that_made_us_nightmare_before/,all_ads,False,https://www.reddit.com/r/netflix/comments/k73aqd/the_holiday_movies_that_made_us_nightmare_before/,636741,1607153199.0,0,,False,
10,,netflix,,t2_6412xj84,False,,0,False,We Can Be Heroes Teaser: Priyanka Chopra Looks like someone who shouldn’t be Messed Up With,[],r/netflix,False,6,,0,,False,t3_k730tp,False,dark,0.2,,public,0,0,{},,False,[],,False,False,,{},,False,0,,False,,False,,[],{},,False,,1607180524.0,text,6,,,text,trendaroundus.in,False,,,,,,False,False,False,False,False,[],[],False,False,False,False,,[],False,,,,t5_2qoxj,,,,k730tp,True,,trendaroundus,,0,True,all_ads,False,[],False,,/r/netflix/comments/k730tp/we_can_be_heroes_teaser_priyanka_chopra_looks/,all_ads,False,https://trendaroundus.in/we-can-be-heroes-official-teaser-star-cast-plot-line-and-more/,636741,1607151724.0,0,,False,https://trendaroundus.in/we-can-be-heroes-official-teaser-star-cast-plot-line-and-more/
11,,netflix,i got signed out and the password was changed so i tried a old password and got in and all my profiles were deleted except a new one that has arabic letters for a name and weird recent watched. anyone know what’s going on?,t2_7tv22gf9,False,,0,False,hacked?,[],r/netflix,False,6,,0,,False,t3_k72zy8,False,dark,0.82,,public,10,0,{},,False,[],,False,False,,{},,False,10,,False,,False,,[],{},,True,,1607180410.0,text,6,,,text,self.netflix,False,"&lt;!-- SC_OFF --&gt;&lt;div class=""md""&gt;&lt;p&gt;i got signed out and the password was changed so i tried a old password and got in and all my profiles were deleted except a new one that has arabic letters for a name and weird recent watched. anyone know what’s going on?&lt;/p&gt;
&lt;/div&gt;&lt;!-- SC_ON --&gt;",,,,,False,False,False,False,False,[],[],False,False,False,False,,[],False,,,,t5_2qoxj,,,,k72zy8,True,,sihlkysmov,,9,True,all_ads,False,[],False,,/r/netflix/comments/k72zy8/hacked/,all_ads,False,https://www.reddit.com/r/netflix/comments/k72zy8/hacked/,636741,1607151610.0,0,,False,
12,,netflix,This was such a great movie.  Octopus' are so intelligent and this really proves it.  This guy becomes best friends with an Octopus and it's amazing to see the growth in such a short life span.  A must watch.,t2_6mv4or2x,False,,0,False,My Octopus Teacher (spoilers),[],r/netflix,False,6,,0,,False,t3_k70244,False,dark,0.17,,public,0,0,{},,False,[],,False,False,,{},,False,0,,False,,False,,[],{},,True,,1607167313.0,text,6,,,text,self.netflix,False,"&lt;!-- SC_OFF --&gt;&lt;div class=""md""&gt;&lt;p&gt;This was such a great movie.  Octopus&amp;#39; are so intelligent and this really proves it.  This guy becomes best friends with an Octopus and it&amp;#39;s amazing to see the growth in such a short life span.  A must watch.&lt;/p&gt;
&lt;/div&gt;&lt;!-- SC_ON --&gt;",,,,,False,False,False,False,False,[],[],False,False,True,False,,[],False,,,,t5_2qoxj,,,,k70244,True,,Silverfire629,,0,True,all_ads,False,[],False,,/r/netflix/comments/k70244/my_octopus_teacher_spoilers/,all_ads,False,https://www.reddit.com/r/netflix/comments/k70244/my_octopus_teacher_spoilers/,636741,1607138513.0,0,,False,
13,,netflix,,t2_6crutgfg,False,,0,False,Netflix’s ‘Malcolm &amp; Marie’ Starring John David Washington and Zendaya Sets February Premiere Date,[],r/netflix,False,6,,0,,False,t3_k6zt4g,False,dark,0.76,,public,15,0,{},,False,[],,False,False,,{},,False,15,,False,,False,,[],{},,False,,1607166288.0,text,6,,,text,netflixjunkie.com,False,,,,,,False,False,False,False,False,[],[],False,False,True,False,,[],False,,,,t5_2qoxj,,,,k6zt4g,True,,lastbnleast,,0,False,all_ads,False,[],False,,/r/netflix/comments/k6zt4g/netflixs_malcolm_marie_starring_john_david/,all_ads,False,https://netflixjunkie.com/when-will-netflix-original-movie-malcolm-marie/,636741,1607137488.0,0,,False,https://netflixjunkie.com/when-will-netflix-original-movie-malcolm-marie/
14,,netflix,"Long story short, i've been watching discovery since it dropped on netflix, went to check today to see if a new episode is out yet, now the show is no longer on netflix, and navigating to where it should be via google only allows a reminder to be set.

&amp;#x200B;

update: Seems to have just been a temporary issue (perhaps they take it out when they release a new episode? I dunno) Fixed now.",t2_c5fsi,False,,0,False,Star Trek discovery disappeared (uk netflix),[],r/netflix,False,6,,0,,False,t3_k6ynla,False,dark,1.0,,public,1,0,{},,False,[],,False,False,,{},,False,1,,False,,1607134171.0,,[],{},,True,,1607161854.0,text,6,,,text,self.netflix,False,"&lt;!-- SC_OFF --&gt;&lt;div class=""md""&gt;&lt;p&gt;Long story short, i&amp;#39;ve been watching discovery since it dropped on netflix, went to check today to see if a new episode is out yet, now the show is no longer on netflix, and navigating to where it should be via google only allows a reminder to be set.&lt;/p&gt;

&lt;p&gt;&amp;#x200B;&lt;/p&gt;

&lt;p&gt;update: Seems to have just been a temporary issue (perhaps they take it out when they release a new episode? I dunno) Fixed now.&lt;/p&gt;
&lt;/div&gt;&lt;!-- SC_ON --&gt;",,,,,False,False,False,False,False,[],[],False,False,False,False,,[],False,,,,t5_2qoxj,,,,k6ynla,True,,johnucc1,,1,True,all_ads,False,[],False,,/r/netflix/comments/k6ynla/star_trek_discovery_disappeared_uk_netflix/,all_ads,False,https://www.reddit.com/r/netflix/comments/k6ynla/star_trek_discovery_disappeared_uk_netflix/,636741,1607133054.0,0,,False,
15,,netflix,"Join the official Unlisted Discord server! With the help of u/WillowSwarm we were able to put together a server! Feel free to join! https://discord.gg/4tbXbDATXB


Edit: Who down voted? What the hell did i do?",t2_5dcilhlt,False,,0,False,The Unlisted discord server! (If this breaks rules please tell me),[],r/netflix,False,6,,0,,False,t3_k6ybhg,False,dark,0.67,,public,2,0,{},,False,[],,False,False,,{},,False,2,,False,,1607144310.0,,[],{},,True,,1607160604.0,text,6,,,text,self.netflix,False,"&lt;!-- SC_OFF --&gt;&lt;div class=""md""&gt;&lt;p&gt;Join the official Unlisted Discord server! With the help of &lt;a href=""/u/WillowSwarm""&gt;u/WillowSwarm&lt;/a&gt; we were able to put together a server! Feel free to join! &lt;a href=""https://discord.gg/4tbXbDATXB""&gt;https://discord.gg/4tbXbDATXB&lt;/a&gt;&lt;/p&gt;

&lt;p&gt;Edit: Who down voted? What the hell did i do?&lt;/p&gt;
&lt;/div&gt;&lt;!-- SC_ON --&gt;",,,,,False,False,False,False,False,[],[],False,False,False,False,,[],False,,,,t5_2qoxj,,,,k6ybhg,True,,wasuwq,,3,True,all_ads,False,[],False,,/r/netflix/comments/k6ybhg/the_unlisted_discord_server_if_this_breaks_rules/,all_ads,False,https://www.reddit.com/r/netflix/comments/k6ybhg/the_unlisted_discord_server_if_this_breaks_rules/,636741,1607131804.0,0,,False,
16,,netflix,,t2_y4w5p,False,,0,False,Netflix Announces Blood of Zeus Season 2,[],r/netflix,False,6,,0,,False,t3_k6y1rp,False,dark,0.38,,public,0,0,{},,False,[],,False,False,,{},,False,0,,False,,False,,[],{},,False,,1607159622.0,text,6,,,text,comicbook.com,False,,,,,,False,False,False,False,False,[],[],False,False,False,False,,[],False,,,,t5_2qoxj,,,,k6y1rp,True,,realplayer16,,1,True,all_ads,False,[],False,,/r/netflix/comments/k6y1rp/netflix_announces_blood_of_zeus_season_2/,all_ads,False,https://comicbook.com/anime/news/blood-of-zeus-season-2-netflix/,636741,1607130822.0,0,,False,https://comicbook.com/anime/news/blood-of-zeus-season-2-netflix/
17,,netflix,"I feel like I’ve watched everything on Netflix and I’m seriously bored. I need to watch something because it keeps me engaged and excited and I have to watch something to sleep because I’m terrified of the night (silence/dark).

I don’t want anything scary. Previous shows I’ve enjoyed are prison break, orange is the new black, archer, you, power, 13 reasons why, Rick and morty, bojack horseman and riverdale, and others but I’ve forgot. 

I don’t really enjoy anything fantasy xx",,False,,0,False,Recommend me!!,[],r/netflix,False,6,,0,,False,t3_k6xdzn,False,dark,0.33,,public,0,0,{},,False,[],,False,False,,{},,False,0,,,,False,,,{},,True,,1607157291.0,text,6,,,,self.netflix,False,"&lt;!-- SC_OFF --&gt;&lt;div class=""md""&gt;&lt;p&gt;I feel like I’ve watched everything on Netflix and I’m seriously bored. I need to watch something because it keeps me engaged and excited and I have to watch something to sleep because I’m terrified of the night (silence/dark).&lt;/p&gt;

&lt;p&gt;I don’t want anything scary. Previous shows I’ve enjoyed are prison break, orange is the new black, archer, you, power, 13 reasons why, Rick and morty, bojack horseman and riverdale, and others but I’ve forgot. &lt;/p&gt;

&lt;p&gt;I don’t really enjoy anything fantasy xx&lt;/p&gt;
&lt;/div&gt;&lt;!-- SC_ON --&gt;",,,,,False,False,False,False,False,[],[],False,False,False,False,,[],False,,,,t5_2qoxj,,,,k6xdzn,True,,[deleted],,5,True,all_ads,False,[],,dark,/r/netflix/comments/k6xdzn/recommend_me/,all_ads,False,https://www.reddit.com/r/netflix/comments/k6xdzn/recommend_me/,636741,1607128491.0,0,,False,
18,,netflix,"Are the plans of Netflix worth the money each month. If the content isn’t improved should the plan price decrease. 

- Basic Plan £5.99 Per Month
- Standard Plan £8.99 Per Month
- Premium Plan £11.99 Per Month

The basic plan includes one user watching at one time with one device having downloads, HD not available. For a whopping £3 extra per month, two users can watch at the same time and two users can have downloads and you can watch in HD. The price for this should be a £2 increase and the price should be £5.99 a month for this plan which means the basic plan should be £3.99. This would be a brilliant plan service. And all plans should include a three month free service if purchased for one whole year in advance. The premium plan allows you to watch and download on 4 devices and 4 users can watch at the same time, 4K is available but you must have a 4K Advice. Hmm, the devices and users watching should be unlimited at this price. This should be a £3 increase. But the price should be £8.99 not £11.99 the prices should be decreased by £2-£3 and the premium plan should have unlimited users watching at the same time. Around 19 months ago, the premium was £1 cheaper and the standard was 50p cheaper which is slightly more acceptable. Change the prices or improve the content.",t2_4oq7jq20,False,,0,False,Netflix Plans:,[],r/netflix,False,6,,0,,False,t3_k6x29p,False,dark,0.29,,public,0,0,{},,False,[],,False,False,,{},,False,0,,False,,False,,[],{},,True,,1607156158.0,text,6,,,text,self.netflix,False,"&lt;!-- SC_OFF --&gt;&lt;div class=""md""&gt;&lt;p&gt;Are the plans of Netflix worth the money each month. If the content isn’t improved should the plan price decrease. &lt;/p&gt;

&lt;ul&gt;
&lt;li&gt;Basic Plan £5.99 Per Month&lt;/li&gt;
&lt;li&gt;Standard Plan £8.99 Per Month&lt;/li&gt;
&lt;li&gt;Premium Plan £11.99 Per Month&lt;/li&gt;
&lt;/ul&gt;

&lt;p&gt;The basic plan includes one user watching at one time with one device having downloads, HD not available. For a whopping £3 extra per month, two users can watch at the same time and two users can have downloads and you can watch in HD. The price for this should be a £2 increase and the price should be £5.99 a month for this plan which means the basic plan should be £3.99. This would be a brilliant plan service. And all plans should include a three month free service if purchased for one whole year in advance. The premium plan allows you to watch and download on 4 devices and 4 users can watch at the same time, 4K is available but you must have a 4K Advice. Hmm, the devices and users watching should be unlimited at this price. This should be a £3 increase. But the price should be £8.99 not £11.99 the prices should be decreased by £2-£3 and the premium plan should have unlimited users watching at the same time. Around 19 months ago, the premium was £1 cheaper and the standard was 50p cheaper which is slightly more acceptable. Change the prices or improve the content.&lt;/p&gt;
&lt;/div&gt;&lt;!-- SC_ON --&gt;",,,,,False,False,False,False,False,[],[],False,False,False,False,,[],False,,,,t5_2qoxj,,,,k6x29p,True,,KiNgOfPaK786,,1,True,all_ads,False,[],False,,/r/netflix/comments/k6x29p/netflix_plans/,all_ads,False,https://www.reddit.com/r/netflix/comments/k6x29p/netflix_plans/,636741,1607127358.0,0,,False,
19,,netflix,"I just noticed that some of the series I have been watching on my phone and TV don't even show up on my computer. They don't show up even after searching for them; not even listed. 

Whats causing this?

Edit: just noticed that even the ones on my list is not showing up.",t2_3i1nhq5g,False,,0,False,Search results different from device to device?,[],r/netflix,False,6,,0,,False,t3_k6wzi2,False,dark,0.33,,public,0,0,{},,False,[],,False,False,,{},,False,0,,False,,1607127355.0,,[],{},,True,,1607155894.0,text,6,,,text,self.netflix,False,"&lt;!-- SC_OFF --&gt;&lt;div class=""md""&gt;&lt;p&gt;I just noticed that some of the series I have been watching on my phone and TV don&amp;#39;t even show up on my computer. They don&amp;#39;t show up even after searching for them; not even listed. &lt;/p&gt;

&lt;p&gt;Whats causing this?&lt;/p&gt;

&lt;p&gt;Edit: just noticed that even the ones on my list is not showing up.&lt;/p&gt;
&lt;/div&gt;&lt;!-- SC_ON --&gt;",,,,,False,False,False,False,False,[],[],False,False,False,False,,[],False,,,,t5_2qoxj,,,,k6wzi2,True,,Throwaway-messedup,,3,True,all_ads,False,[],False,,/r/netflix/comments/k6wzi2/search_results_different_from_device_to_device/,all_ads,False,https://www.reddit.com/r/netflix/comments/k6wzi2/search_results_different_from_device_to_device/,636741,1607127094.0,0,,False,
20,,netflix,"I've got two monitors:

1. Main (1080p@240Hz, DP)
2. Extra (1080p@60Hz, HDMI)

Usually I keep the Netflix desktop app on the second monitor while doing stuff on the first.

When I stream movies/shows in full screen mode, the video starts to stutter after a couple of seconds, like it's only playing at 20fps or less - the sound is still fine. If I use windowed or maximized mode instead, there are not stutters.

Using the app on the main screen won't cause any stutters, no matter what mode it's set to.

If I stream in my browser (FF 83) instead, there aren't any stutters, no matter what monitor or mode I use, so looks like it's a problem with the Netflix app. I checked but there isn't an update for it. Does anyone know how to fix this?",t2_irzcd,False,,0,False,Videos in the Netflix desktop app stutter when played back in full screen mode on my second monitor,[],r/netflix,False,6,,0,,False,t3_k6wyoo,False,dark,1.0,,public,1,0,{},,False,[],,False,False,,{},,False,1,,False,,False,,[],{},,True,,1607155820.0,text,6,,,text,self.netflix,False,"&lt;!-- SC_OFF --&gt;&lt;div class=""md""&gt;&lt;p&gt;I&amp;#39;ve got two monitors:&lt;/p&gt;

&lt;ol&gt;
&lt;li&gt;Main (1080p@240Hz, DP)&lt;/li&gt;
&lt;li&gt;Extra (1080p@60Hz, HDMI)&lt;/li&gt;
&lt;/ol&gt;

&lt;p&gt;Usually I keep the Netflix desktop app on the second monitor while doing stuff on the first.&lt;/p&gt;

&lt;p&gt;When I stream movies/shows in full screen mode, the video starts to stutter after a couple of seconds, like it&amp;#39;s only playing at 20fps or less - the sound is still fine. If I use windowed or maximized mode instead, there are not stutters.&lt;/p&gt;

&lt;p&gt;Using the app on the main screen won&amp;#39;t cause any stutters, no matter what mode it&amp;#39;s set to.&lt;/p&gt;

&lt;p&gt;If I stream in my browser (FF 83) instead, there aren&amp;#39;t any stutters, no matter what monitor or mode I use, so looks like it&amp;#39;s a problem with the Netflix app. I checked but there isn&amp;#39;t an update for it. Does anyone know how to fix this?&lt;/p&gt;
&lt;/div&gt;&lt;!-- SC_ON --&gt;",,,,,False,False,False,False,False,[],[],False,False,False,False,,[],False,,,,t5_2qoxj,,,,k6wyoo,True,,Nefthys,,0,True,all_ads,False,[],False,,/r/netflix/comments/k6wyoo/videos_in_the_netflix_desktop_app_stutter_when/,all_ads,False,https://www.reddit.com/r/netflix/comments/k6wyoo/videos_in_the_netflix_desktop_app_stutter_when/,636741,1607127020.0,0,,False,
21,,netflix,"Any Ways Which Would Seriously Improve Netflix Especially For Mobile App?

What are some ways which would drastically improve the Netflix app. Perhaps having the time there. They removed that feature. It should be optional. Perhaps a new interface. 

What else could be added?",t2_4oq7jq20,False,,0,False,Any Ways Which Would Seriously Improve Netflix Especially For Mobile App?,[],r/netflix,False,6,,0,,False,t3_k6wv1r,False,dark,0.5,,public,0,0,{},,False,[],,False,False,,{},,False,0,,False,,False,,[],{},,True,,1607155489.0,text,6,,,text,self.netflix,False,"&lt;!-- SC_OFF --&gt;&lt;div class=""md""&gt;&lt;p&gt;Any Ways Which Would Seriously Improve Netflix Especially For Mobile App?&lt;/p&gt;

&lt;p&gt;What are some ways which would drastically improve the Netflix app. Perhaps having the time there. They removed that feature. It should be optional. Perhaps a new interface. &lt;/p&gt;

&lt;p&gt;What else could be added?&lt;/p&gt;
&lt;/div&gt;&lt;!-- SC_ON --&gt;",,,,,False,False,False,False,False,[],[],False,False,False,False,,[],False,,,,t5_2qoxj,,,,k6wv1r,True,,KiNgOfPaK786,,0,True,all_ads,False,[],False,,/r/netflix/comments/k6wv1r/any_ways_which_would_seriously_improve_netflix/,all_ads,False,https://www.reddit.com/r/netflix/comments/k6wv1r/any_ways_which_would_seriously_improve_netflix/,636741,1607126689.0,0,,False,
22,,netflix,"I usually put the Netflix desktop app on my second monitor (1080p@60Hz, HDMI) while doing stuff on my main monitor (1080p@240Hz, DP) and when I started streaming season 4 of Big Mouth just now, I noticed a weird thing:

It started stuttering really bad and skipping frames, as if it was only running at 20fps or even less. Once I moved the window to my main screen, everything was fine but when I moved it back it started stuttering again.

Season 3 and also other shows like South Park or Family Guy (earlier and later seasons) look fine on the second monitor, no stuttering, so far it only seems to be season 4 that's acting up. Edit: No stutters with season 4 if I use Firefox instead of the desktop app.

Is anyone experiencing the same thing?",t2_irzcd,False,,0,False,"Stutters on second monitor with season 4 of ""Big Mouth""",[],r/netflix,False,6,,0,,False,t3_k6w4t2,False,dark,0.5,,public,0,0,{},,False,[],,False,False,,{},,False,0,,False,,1607125312.0,,[],{},,True,,1607152990.0,text,6,,,text,self.netflix,False,"&lt;!-- SC_OFF --&gt;&lt;div class=""md""&gt;&lt;p&gt;I usually put the Netflix desktop app on my second monitor (1080p@60Hz, HDMI) while doing stuff on my main monitor (1080p@240Hz, DP) and when I started streaming season 4 of Big Mouth just now, I noticed a weird thing:&lt;/p&gt;

&lt;p&gt;It started stuttering really bad and skipping frames, as if it was only running at 20fps or even less. Once I moved the window to my main screen, everything was fine but when I moved it back it started stuttering again.&lt;/p&gt;

&lt;p&gt;Season 3 and also other shows like South Park or Family Guy (earlier and later seasons) look fine on the second monitor, no stuttering, so far it only seems to be season 4 that&amp;#39;s acting up. Edit: No stutters with season 4 if I use Firefox instead of the desktop app.&lt;/p&gt;

&lt;p&gt;Is anyone experiencing the same thing?&lt;/p&gt;
&lt;/div&gt;&lt;!-- SC_ON --&gt;",,,,,False,False,False,False,False,[],[],False,False,False,False,,[],False,,,,t5_2qoxj,,,,k6w4t2,True,,Nefthys,,4,True,all_ads,False,[],False,,/r/netflix/comments/k6w4t2/stutters_on_second_monitor_with_season_4_of_big/,all_ads,False,https://www.reddit.com/r/netflix/comments/k6w4t2/stutters_on_second_monitor_with_season_4_of_big/,636741,1607124190.0,0,,False,
23,,netflix,"Most shows used to have a few dubbing options and you could change your profile's language to access other languages. Now it's only English for most shows, some have like 1-2 other options but it's nothing compared to what it was a few months ago.

I used to watch ATLA in German and now German isn't available even though the overall language is set to German. The preview when I hover over the show is still in German though.

I wanted to watch Dracula just now and it was in German until I clicked on it, then it suddenly switched to English. Why is that happening? Is it intended? Did Netflix die in other countries or something that it's only English now? Or is it now location based (I'm in England)?",t2_mwthv,False,,0,False,Why are all languages suddenly gone?,[],r/netflix,False,6,,0,,False,t3_k6v918,False,dark,0.9,,public,8,0,{},,False,[],,False,False,,{},,False,8,,False,,False,,[],{},,True,,1607150093.0,text,6,,,text,self.netflix,False,"&lt;!-- SC_OFF --&gt;&lt;div class=""md""&gt;&lt;p&gt;Most shows used to have a few dubbing options and you could change your profile&amp;#39;s language to access other languages. Now it&amp;#39;s only English for most shows, some have like 1-2 other options but it&amp;#39;s nothing compared to what it was a few months ago.&lt;/p&gt;

&lt;p&gt;I used to watch ATLA in German and now German isn&amp;#39;t available even though the overall language is set to German. The preview when I hover over the show is still in German though.&lt;/p&gt;

&lt;p&gt;I wanted to watch Dracula just now and it was in German until I clicked on it, then it suddenly switched to English. Why is that happening? Is it intended? Did Netflix die in other countries or something that it&amp;#39;s only English now? Or is it now location based (I&amp;#39;m in England)?&lt;/p&gt;
&lt;/div&gt;&lt;!-- SC_ON --&gt;",,,,,False,False,False,False,False,[],[],False,False,False,False,,[],False,,,,t5_2qoxj,,,,k6v918,True,,Yucares,,4,True,all_ads,False,[],False,,/r/netflix/comments/k6v918/why_are_all_languages_suddenly_gone/,all_ads,False,https://www.reddit.com/r/netflix/comments/k6v918/why_are_all_languages_suddenly_gone/,636741,1607121293.0,0,,False,
24,,netflix,"It's something my friends and I have noticed for quite a few months by now. We first really noticed it when the lockdown happened back in March and netflix all of sudden released a documentary series on pandemics, and most recently with a documentary about Diego Maradona.

Does netflix just make mass amounts of stuff, sit on it and then wait for it to become relevant so they can release it and it'll gain a lot of traction, or do they simply buy the rights for this already existing less-known content and then release it as their own?",t2_5rqavi4v,False,,0,False,Does netflix mass-make content to strategically publish when the time is right?,[],r/netflix,False,6,,0,,False,t3_k6umh7,False,dark,0.5,,public,0,0,{},,False,[],,False,False,,{},,False,0,,False,,False,,[],{},,True,,1607148080.0,text,6,,,text,self.netflix,False,"&lt;!-- SC_OFF --&gt;&lt;div class=""md""&gt;&lt;p&gt;It&amp;#39;s something my friends and I have noticed for quite a few months by now. We first really noticed it when the lockdown happened back in March and netflix all of sudden released a documentary series on pandemics, and most recently with a documentary about Diego Maradona.&lt;/p&gt;

&lt;p&gt;Does netflix just make mass amounts of stuff, sit on it and then wait for it to become relevant so they can release it and it&amp;#39;ll gain a lot of traction, or do they simply buy the rights for this already existing less-known content and then release it as their own?&lt;/p&gt;
&lt;/div&gt;&lt;!-- SC_ON --&gt;",,,,,False,False,False,False,False,[],[],False,False,False,False,,[],False,,,,t5_2qoxj,,,,k6umh7,True,,gottschegobble,,2,True,all_ads,False,[],False,,/r/netflix/comments/k6umh7/does_netflix_massmake_content_to_strategically/,all_ads,False,https://www.reddit.com/r/netflix/comments/k6umh7/does_netflix_massmake_content_to_strategically/,636741,1607119280.0,0,,False,
